INSERT INTO mapa (id, nome) VALUES (1, 'Azeroth');

INSERT INTO regiao (id_mapa, nome, vip_check) VALUES 
(1, 'Venore', DEFAULT), 
(1, 'Jakundaf Desert', DEFAULT), 
(1, 'Outlaw Camp', DEFAULT),
(1, 'Plains of Havoc', DEFAULT),
(1, 'Feyrist Mountains', true);

INSERT INTO localizacao (posicao_x, posicao_y, posicao_z, id_regiao) VALUES 
(0,0,0,1),
(0,1,0,1),
(0,2,0,1),
(0,3,0,1),
(0,4,0,1),
(0,5,0,1),
(0,6,0,1),
(0,7,0,1),
(0,8,0,1),
(0,9,0,1),
(0,10,0,1),
(0,11,0,1),
(0,12,0,1),
(0,13,0,1),
(0,14,0,1),
(0,15,0,1),
(0,16,0,1),
(0,17,0,1),
(0,18,0,1),
(0,19,0,1),
(0,20,0,1),
(0,21,0,1),
(0,22,0,1),
(0,23,0,1),
(0,24,0,1),
(0,25,0,1),
(0,26,0,1),
(0,27,0,1),
(0,28,0,1),
(0,29,0,1),
(0,30,0,1),
(0,33,0,3),
(0,34,0,3),
(0,35,0,3),
(0,36,0,3),
(0,37,0,3),
(0,38,0,3),
(0,39,0,3),
(0,40,0,3),
(0,41,0,3),
(0,42,0,3),
(0,43,0,3),
(0,44,0,3),
(0,45,0,3),
(0,46,0,3),
(0,47,0,3),
(0,48,0,3),
(0,49,0,3),
(0,50,0,3),
(0,51,0,3),
(0,52,0,3),
(0,53,0,3),
(0,54,0,3),
(0,55,0,3),
(0,56,0,3),
(0,57,0,3),
(0,58,0,3),
(0,59,0,3),
(0,60,0,3),
(0,61,0,3),
(0,62,0,3),
(0,63,0,3),
(1,0,0,1),
(1,1,0,1),
(1,2,0,1),
(1,3,0,1),
(1,4,0,1),
(1,5,0,1),
(1,6,0,1),
(1,7,0,1),
(1,8,0,1),
(1,9,0,1),
(1,10,0,1),
(1,11,0,1),
(1,12,0,1),
(1,13,0,1),
(1,14,0,1),
(1,15,0,1),
(1,16,0,1),
(1,17,0,1),
(1,18,0,1),
(1,19,0,1),
(1,20,0,1),
(1,21,0,1),
(1,22,0,1),
(1,23,0,1),
(1,24,0,1),
(1,25,0,1),
(1,26,0,1),
(1,27,0,1),
(1,28,0,1),
(1,29,0,1),
(1,30,0,1),
(1,33,0,3),
(1,34,0,3),
(1,35,0,3),
(1,36,0,3),
(1,37,0,3),
(1,38,0,3),
(1,39,0,3),
(1,40,0,3),
(1,41,0,3),
(1,42,0,3),
(1,43,0,3),
(1,44,0,3),
(1,45,0,3),
(1,46,0,3),
(1,47,0,3),
(1,48,0,3),
(1,49,0,3),
(1,50,0,3),
(1,51,0,3),
(1,52,0,3),
(1,53,0,3),
(1,54,0,3),
(1,55,0,3),
(1,56,0,3),
(1,57,0,3),
(1,58,0,3),
(1,59,0,3),
(1,60,0,3),
(1,61,0,3),
(1,62,0,3),
(1,63,0,3),
(2,0,0,1),
(2,1,0,1),
(2,2,0,1),
(2,3,0,1),
(2,4,0,1),
(2,5,0,1),
(2,6,0,1),
(2,7,0,1),
(2,8,0,1),
(2,9,0,1),
(2,10,0,1),
(2,11,0,1),
(2,12,0,1),
(2,13,0,1),
(2,14,0,1),
(2,15,0,1),
(2,16,0,1),
(2,17,0,1),
(2,18,0,1),
(2,19,0,1),
(2,20,0,1),
(2,21,0,1),
(2,22,0,1),
(2,23,0,1),
(2,24,0,1),
(2,25,0,1),
(2,26,0,1),
(2,27,0,1),
(2,28,0,1),
(2,29,0,1),
(2,30,0,1),
(2,33,0,3),
(2,34,0,3),
(2,35,0,3),
(2,36,0,3),
(2,37,0,3),
(2,38,0,3),
(2,39,0,3),
(2,40,0,3),
(2,41,0,3),
(2,42,0,3),
(2,43,0,3),
(2,44,0,3),
(2,45,0,3),
(2,46,0,3),
(2,47,0,3),
(2,48,0,3),
(2,49,0,3),
(2,50,0,3),
(2,51,0,3),
(2,52,0,3),
(2,53,0,3),
(2,54,0,3),
(2,55,0,3),
(2,56,0,3),
(2,57,0,3),
(2,58,0,3),
(2,59,0,3),
(2,60,0,3),
(2,61,0,3),
(2,62,0,3),
(2,63,0,3),
(3,0,0,1),
(3,1,0,1),
(3,2,0,1),
(3,3,0,1),
(3,4,0,1),
(3,5,0,1),
(3,6,0,1),
(3,7,0,1),
(3,8,0,1),
(3,9,0,1),
(3,10,0,1),
(3,11,0,1),
(3,12,0,1),
(3,13,0,1),
(3,14,0,1),
(3,15,0,1),
(3,16,0,1),
(3,17,0,1),
(3,18,0,1),
(3,19,0,1),
(3,20,0,1),
(3,21,0,1),
(3,22,0,1),
(3,23,0,1),
(3,24,0,1),
(3,25,0,1),
(3,26,0,1),
(3,27,0,1),
(3,28,0,1),
(3,29,0,1),
(3,30,0,1),
(3,33,0,3),
(3,34,0,3),
(3,35,0,3),
(3,36,0,3),
(3,37,0,3),
(3,38,0,3),
(3,39,0,3),
(3,40,0,3),
(3,41,0,3),
(3,42,0,3),
(3,43,0,3),
(3,44,0,3),
(3,45,0,3),
(3,46,0,3),
(3,47,0,3),
(3,48,0,3),
(3,49,0,3),
(3,50,0,3),
(3,51,0,3),
(3,52,0,3),
(3,53,0,3),
(3,54,0,3),
(3,55,0,3),
(3,56,0,3),
(3,57,0,3),
(3,58,0,3),
(3,59,0,3),
(3,60,0,3),
(3,61,0,3),
(3,62,0,3),
(3,63,0,3),
(4,0,0,1),
(4,1,0,1),
(4,2,0,1),
(4,3,0,1),
(4,4,0,1),
(4,5,0,1),
(4,6,0,1),
(4,7,0,1),
(4,8,0,1),
(4,9,0,1),
(4,10,0,1),
(4,11,0,1),
(4,12,0,1),
(4,13,0,1),
(4,14,0,1),
(4,15,0,1),
(4,16,0,1),
(4,17,0,1),
(4,18,0,1),
(4,19,0,1),
(4,20,0,1),
(4,21,0,1),
(4,22,0,1),
(4,23,0,1),
(4,24,0,1),
(4,25,0,1),
(4,26,0,1),
(4,27,0,1),
(4,28,0,1),
(4,29,0,1),
(4,30,0,1),
(4,33,0,3),
(4,34,0,3),
(4,35,0,3),
(4,36,0,3),
(4,37,0,3),
(4,38,0,3),
(4,39,0,3),
(4,40,0,3),
(4,41,0,3),
(4,42,0,3),
(4,43,0,3),
(4,44,0,3),
(4,45,0,3),
(4,46,0,3),
(4,47,0,3),
(4,48,0,3),
(4,49,0,3),
(4,50,0,3),
(4,51,0,3),
(4,52,0,3),
(4,53,0,3),
(4,54,0,3),
(4,55,0,3),
(4,56,0,3),
(4,57,0,3),
(4,58,0,3),
(4,59,0,3),
(4,60,0,3),
(4,61,0,3),
(4,62,0,3),
(4,63,0,3),
(5,0,0,1),
(5,1,0,1),
(5,2,0,1),
(5,3,0,1),
(5,4,0,1),
(5,5,0,1),
(5,6,0,1),
(5,7,0,1),
(5,8,0,1),
(5,9,0,1),
(5,10,0,1),
(5,11,0,1),
(5,12,0,1),
(5,13,0,1),
(5,14,0,1),
(5,15,0,1),
(5,16,0,1),
(5,17,0,1),
(5,18,0,1),
(5,19,0,1),
(5,20,0,1),
(5,21,0,1),
(5,22,0,1),
(5,23,0,1),
(5,24,0,1),
(5,25,0,1),
(5,26,0,1),
(5,27,0,1),
(5,28,0,1),
(5,29,0,1),
(5,30,0,1),
(5,33,0,3),
(5,34,0,3),
(5,35,0,3),
(5,36,0,3),
(5,37,0,3),
(5,38,0,3),
(5,39,0,3),
(5,40,0,3),
(5,41,0,3),
(5,42,0,3),
(5,43,0,3),
(5,44,0,3),
(5,45,0,3),
(5,46,0,3),
(5,47,0,3),
(5,48,0,3),
(5,49,0,3),
(5,50,0,3),
(5,51,0,3),
(5,52,0,3),
(5,53,0,3),
(5,54,0,3),
(5,55,0,3),
(5,56,0,3),
(5,57,0,3),
(5,58,0,3),
(5,59,0,3),
(5,60,0,3),
(5,61,0,3),
(5,62,0,3),
(5,63,0,3),
(6,0,0,1),
(6,1,0,1),
(6,2,0,1),
(6,3,0,1),
(6,4,0,1),
(6,5,0,1),
(6,6,0,1),
(6,7,0,1),
(6,8,0,1),
(6,9,0,1),
(6,10,0,1),
(6,11,0,1),
(6,12,0,1),
(6,13,0,1),
(6,14,0,1),
(6,15,0,1),
(6,16,0,1),
(6,17,0,1),
(6,18,0,1),
(6,19,0,1),
(6,20,0,1),
(6,21,0,1),
(6,22,0,1),
(6,23,0,1),
(6,24,0,1),
(6,25,0,1),
(6,26,0,1),
(6,27,0,1),
(6,28,0,1),
(6,29,0,1),
(6,30,0,1),
(6,33,0,3),
(6,34,0,3),
(6,35,0,3),
(6,36,0,3),
(6,37,0,3),
(6,38,0,3),
(6,39,0,3),
(6,40,0,3),
(6,41,0,3),
(6,42,0,3),
(6,43,0,3),
(6,44,0,3),
(6,45,0,3),
(6,46,0,3),
(6,47,0,3),
(6,48,0,3),
(6,49,0,3),
(6,50,0,3),
(6,51,0,3),
(6,52,0,3),
(6,53,0,3),
(6,54,0,3),
(6,55,0,3),
(6,56,0,3),
(6,57,0,3),
(6,58,0,3),
(6,59,0,3),
(6,60,0,3),
(6,61,0,3),
(6,62,0,3),
(6,63,0,3),
(7,0,0,1),
(7,1,0,1),
(7,2,0,1),
(7,3,0,1),
(7,4,0,1),
(7,5,0,1),
(7,6,0,1),
(7,7,0,1),
(7,8,0,1),
(7,9,0,1),
(7,10,0,1),
(7,11,0,1),
(7,12,0,1),
(7,13,0,1),
(7,14,0,1),
(7,15,0,1),
(7,16,0,1),
(7,17,0,1),
(7,18,0,1),
(7,19,0,1),
(7,20,0,1),
(7,21,0,1),
(7,22,0,1),
(7,23,0,1),
(7,24,0,1),
(7,25,0,1),
(7,26,0,1),
(7,27,0,1),
(7,28,0,1),
(7,29,0,1),
(7,30,0,1),
(7,33,0,3),
(7,34,0,3),
(7,35,0,3),
(7,36,0,3),
(7,37,0,3),
(7,38,0,3),
(7,39,0,3),
(7,40,0,3),
(7,41,0,3),
(7,42,0,3),
(7,43,0,3),
(7,44,0,3),
(7,45,0,3),
(7,46,0,3),
(7,47,0,3),
(7,48,0,3),
(7,49,0,3),
(7,50,0,3),
(7,51,0,3),
(7,52,0,3),
(7,53,0,3),
(7,54,0,3),
(7,55,0,3),
(7,56,0,3),
(7,57,0,3),
(7,58,0,3),
(7,59,0,3),
(7,60,0,3),
(7,61,0,3),
(7,62,0,3),
(7,63,0,3),
(8,0,0,1),
(8,1,0,1),
(8,2,0,1),
(8,3,0,1),
(8,4,0,1),
(8,5,0,1),
(8,6,0,1),
(8,7,0,1),
(8,8,0,1),
(8,9,0,1),
(8,10,0,1),
(8,11,0,1),
(8,12,0,1),
(8,13,0,1),
(8,14,0,1),
(8,15,0,1),
(8,16,0,1),
(8,17,0,1),
(8,18,0,1),
(8,19,0,1),
(8,20,0,1),
(8,21,0,1),
(8,22,0,1),
(8,23,0,1),
(8,24,0,1),
(8,25,0,1),
(8,26,0,1),
(8,27,0,1),
(8,28,0,1),
(8,29,0,1),
(8,30,0,1),
(8,33,0,3),
(8,34,0,3),
(8,35,0,3),
(8,36,0,3),
(8,37,0,3),
(8,38,0,3),
(8,39,0,3),
(8,40,0,3),
(8,41,0,3),
(8,42,0,3),
(8,43,0,3),
(8,44,0,3),
(8,45,0,3),
(8,46,0,3),
(8,47,0,3),
(8,48,0,3),
(8,49,0,3),
(8,50,0,3),
(8,51,0,3),
(8,52,0,3),
(8,53,0,3),
(8,54,0,3),
(8,55,0,3),
(8,56,0,3),
(8,57,0,3),
(8,58,0,3),
(8,59,0,3),
(8,60,0,3),
(8,61,0,3),
(8,62,0,3),
(8,63,0,3),
(9,0,0,1),
(9,1,0,1),
(9,2,0,1),
(9,3,0,1),
(9,4,0,1),
(9,5,0,1),
(9,6,0,1),
(9,7,0,1),
(9,8,0,1),
(9,9,0,1),
(9,10,0,1),
(9,11,0,1),
(9,12,0,1),
(9,13,0,1),
(9,14,0,1),
(9,15,0,1),
(9,16,0,1),
(9,17,0,1),
(9,18,0,1),
(9,19,0,1),
(9,20,0,1),
(9,21,0,1),
(9,22,0,1),
(9,23,0,1),
(9,24,0,1),
(9,25,0,1),
(9,26,0,1),
(9,27,0,1),
(9,28,0,1),
(9,29,0,1),
(9,30,0,1),
(9,33,0,3),
(9,34,0,3),
(9,35,0,3),
(9,36,0,3),
(9,37,0,3),
(9,38,0,3),
(9,39,0,3),
(9,40,0,3),
(9,41,0,3),
(9,42,0,3),
(9,43,0,3),
(9,44,0,3),
(9,45,0,3),
(9,46,0,3),
(9,47,0,3),
(9,48,0,3),
(9,49,0,3),
(9,50,0,3),
(9,51,0,3),
(9,52,0,3),
(9,53,0,3),
(9,54,0,3),
(9,55,0,3),
(9,56,0,3),
(9,57,0,3),
(9,58,0,3),
(9,59,0,3),
(9,60,0,3),
(9,61,0,3),
(9,62,0,3),
(9,63,0,3),
(10,0,0,1),
(10,1,0,1),
(10,2,0,1),
(10,3,0,1),
(10,4,0,1),
(10,5,0,1),
(10,6,0,1),
(10,7,0,1),
(10,8,0,1),
(10,9,0,1),
(10,10,0,1),
(10,11,0,1),
(10,12,0,1),
(10,13,0,1),
(10,14,0,1),
(10,15,0,1),
(10,16,0,1),
(10,17,0,1),
(10,18,0,1),
(10,19,0,1),
(10,20,0,1),
(10,21,0,1),
(10,22,0,1),
(10,23,0,1),
(10,24,0,1),
(10,25,0,1),
(10,26,0,1),
(10,27,0,1),
(10,28,0,1),
(10,29,0,1),
(10,30,0,1),
(10,33,0,3),
(10,34,0,3),
(10,35,0,3),
(10,36,0,3),
(10,37,0,3),
(10,38,0,3),
(10,39,0,3),
(10,40,0,3),
(10,41,0,3),
(10,42,0,3),
(10,43,0,3),
(10,44,0,3),
(10,45,0,3),
(10,46,0,3),
(10,47,0,3),
(10,48,0,3),
(10,49,0,3),
(10,50,0,3),
(10,51,0,3),
(10,52,0,3),
(10,53,0,3),
(10,54,0,3),
(10,55,0,3),
(10,56,0,3),
(10,57,0,3),
(10,58,0,3),
(10,59,0,3),
(10,60,0,3),
(10,61,0,3),
(10,62,0,3),
(10,63,0,3),
(11,0,0,1),
(11,1,0,1),
(11,2,0,1),
(11,3,0,1),
(11,4,0,1),
(11,5,0,1),
(11,6,0,1),
(11,7,0,1),
(11,8,0,1),
(11,9,0,1),
(11,10,0,1),
(11,11,0,1),
(11,12,0,1),
(11,13,0,1),
(11,14,0,1),
(11,15,0,1),
(11,16,0,1),
(11,17,0,1),
(11,18,0,1),
(11,19,0,1),
(11,20,0,1),
(11,21,0,1),
(11,22,0,1),
(11,23,0,1),
(11,24,0,1),
(11,25,0,1),
(11,26,0,1),
(11,27,0,1),
(11,28,0,1),
(11,29,0,1),
(11,30,0,1),
(11,33,0,3),
(11,34,0,3),
(11,35,0,3),
(11,36,0,3),
(11,37,0,3),
(11,38,0,3),
(11,39,0,3),
(11,40,0,3),
(11,41,0,3),
(11,42,0,3),
(11,43,0,3),
(11,44,0,3),
(11,45,0,3),
(11,46,0,3),
(11,47,0,3),
(11,48,0,3),
(11,49,0,3),
(11,50,0,3),
(11,51,0,3),
(11,52,0,3),
(11,53,0,3),
(11,54,0,3),
(11,55,0,3),
(11,56,0,3),
(11,57,0,3),
(11,58,0,3),
(11,59,0,3),
(11,60,0,3),
(11,61,0,3),
(11,62,0,3),
(11,63,0,3),
(12,0,0,1),
(12,1,0,1),
(12,2,0,1),
(12,3,0,1),
(12,4,0,1),
(12,5,0,1),
(12,6,0,1),
(12,7,0,1),
(12,8,0,1),
(12,9,0,1),
(12,10,0,1),
(12,11,0,1),
(12,12,0,1),
(12,13,0,1),
(12,14,0,1),
(12,15,0,1),
(12,16,0,1),
(12,17,0,1),
(12,18,0,1),
(12,19,0,1),
(12,20,0,1),
(12,21,0,1),
(12,22,0,1),
(12,23,0,1),
(12,24,0,1),
(12,25,0,1),
(12,26,0,1),
(12,27,0,1),
(12,28,0,1),
(12,29,0,1),
(12,30,0,1),
(12,33,0,3),
(12,34,0,3),
(12,35,0,3),
(12,36,0,3),
(12,37,0,3),
(12,38,0,3),
(12,39,0,3),
(12,40,0,3),
(12,41,0,3),
(12,42,0,3),
(12,43,0,3),
(12,44,0,3),
(12,45,0,3),
(12,46,0,3),
(12,47,0,3),
(12,48,0,3),
(12,49,0,3),
(12,50,0,3),
(12,51,0,3),
(12,52,0,3),
(12,53,0,3),
(12,54,0,3),
(12,55,0,3),
(12,56,0,3),
(12,57,0,3),
(12,58,0,3),
(12,59,0,3),
(12,60,0,3),
(12,61,0,3),
(12,62,0,3),
(12,63,0,3),
(13,0,0,1),
(13,1,0,1),
(13,2,0,1),
(13,3,0,1),
(13,4,0,1),
(13,5,0,1),
(13,6,0,1),
(13,7,0,1),
(13,8,0,1),
(13,9,0,1),
(13,10,0,1),
(13,11,0,1),
(13,12,0,1),
(13,13,0,1),
(13,14,0,1),
(13,15,0,1),
(13,16,0,1),
(13,17,0,1),
(13,18,0,1),
(13,19,0,1),
(13,20,0,1),
(13,21,0,1),
(13,22,0,1),
(13,23,0,1),
(13,24,0,1),
(13,25,0,1),
(13,26,0,1),
(13,27,0,1),
(13,28,0,1),
(13,29,0,1),
(13,30,0,1),
(13,33,0,3),
(13,34,0,3),
(13,35,0,3),
(13,36,0,3),
(13,37,0,3),
(13,38,0,3),
(13,39,0,3),
(13,40,0,3),
(13,41,0,3),
(13,42,0,3),
(13,43,0,3),
(13,44,0,3),
(13,45,0,3),
(13,46,0,3),
(13,47,0,3),
(13,48,0,3),
(13,49,0,3),
(13,50,0,3),
(13,51,0,3),
(13,52,0,3),
(13,53,0,3),
(13,54,0,3),
(13,55,0,3),
(13,56,0,3),
(13,57,0,3),
(13,58,0,3),
(13,59,0,3),
(13,60,0,3),
(13,61,0,3),
(13,62,0,3),
(13,63,0,3),
(14,0,0,1),
(14,1,0,1),
(14,2,0,1),
(14,3,0,1),
(14,4,0,1),
(14,5,0,1),
(14,6,0,1),
(14,7,0,1),
(14,8,0,1),
(14,9,0,1),
(14,10,0,1),
(14,11,0,1),
(14,12,0,1),
(14,13,0,1),
(14,14,0,1),
(14,15,0,1),
(14,16,0,1),
(14,17,0,1),
(14,18,0,1),
(14,19,0,1),
(14,20,0,1),
(14,21,0,1),
(14,22,0,1),
(14,23,0,1),
(14,24,0,1),
(14,25,0,1),
(14,26,0,1),
(14,27,0,1),
(14,28,0,1),
(14,29,0,1),
(14,30,0,1),
(14,33,0,3),
(14,34,0,3),
(14,35,0,3),
(14,36,0,3),
(14,37,0,3),
(14,38,0,3),
(14,39,0,3),
(14,40,0,3),
(14,41,0,3),
(14,42,0,3),
(14,43,0,3),
(14,44,0,3),
(14,45,0,3),
(14,46,0,3),
(14,47,0,3),
(14,48,0,3),
(14,49,0,3),
(14,50,0,3),
(14,51,0,3),
(14,52,0,3),
(14,53,0,3),
(14,54,0,3),
(14,55,0,3),
(14,56,0,3),
(14,57,0,3),
(14,58,0,3),
(14,59,0,3),
(14,60,0,3),
(14,61,0,3),
(14,62,0,3),
(14,63,0,3),
(15,0,0,1),
(15,1,0,1),
(15,2,0,1),
(15,3,0,1),
(15,4,0,1),
(15,5,0,1),
(15,6,0,1),
(15,7,0,1),
(15,8,0,1),
(15,9,0,1),
(15,10,0,1),
(15,11,0,1),
(15,12,0,1),
(15,13,0,1),
(15,14,0,1),
(15,15,0,1),
(15,16,0,1),
(15,17,0,1),
(15,18,0,1),
(15,19,0,1),
(15,20,0,1),
(15,21,0,1),
(15,22,0,1),
(15,23,0,1),
(15,24,0,1),
(15,25,0,1),
(15,26,0,1),
(15,27,0,1),
(15,28,0,1),
(15,29,0,1),
(15,30,0,1),
(15,33,0,3),
(15,34,0,3),
(15,35,0,3),
(15,36,0,3),
(15,37,0,3),
(15,38,0,3),
(15,39,0,3),
(15,40,0,3),
(15,41,0,3),
(15,42,0,3),
(15,43,0,3),
(15,44,0,3),
(15,45,0,3),
(15,46,0,3),
(15,47,0,3),
(15,48,0,3),
(15,49,0,3),
(15,50,0,3),
(15,51,0,3),
(15,52,0,3),
(15,53,0,3),
(15,54,0,3),
(15,55,0,3),
(15,56,0,3),
(15,57,0,3),
(15,58,0,3),
(15,59,0,3),
(15,60,0,3),
(15,61,0,3),
(15,62,0,3),
(15,63,0,3),
(16,0,0,1),
(16,1,0,1),
(16,2,0,1),
(16,3,0,1),
(16,4,0,1),
(16,5,0,1),
(16,6,0,1),
(16,7,0,1),
(16,8,0,1),
(16,9,0,1),
(16,10,0,1),
(16,11,0,1),
(16,12,0,1),
(16,13,0,1),
(16,14,0,1),
(16,15,0,1),
(16,16,0,1),
(16,17,0,1),
(16,18,0,1),
(16,19,0,1),
(16,20,0,1),
(16,21,0,1),
(16,22,0,1),
(16,23,0,1),
(16,24,0,1),
(16,25,0,1),
(16,26,0,1),
(16,27,0,1),
(16,28,0,1),
(16,29,0,1),
(16,30,0,1),
(16,33,0,3),
(16,34,0,3),
(16,35,0,3),
(16,36,0,3),
(16,37,0,3),
(16,38,0,3),
(16,39,0,3),
(16,40,0,3),
(16,41,0,3),
(16,42,0,3),
(16,43,0,3),
(16,44,0,3),
(16,45,0,3),
(16,46,0,3),
(16,47,0,3),
(16,48,0,3),
(16,49,0,3),
(16,50,0,3),
(16,51,0,3),
(16,52,0,3),
(16,53,0,3),
(16,54,0,3),
(16,55,0,3),
(16,56,0,3),
(16,57,0,3),
(16,58,0,3),
(16,59,0,3),
(16,60,0,3),
(16,61,0,3),
(16,62,0,3),
(16,63,0,3),
(17,0,0,1),
(17,1,0,1),
(17,2,0,1),
(17,3,0,1),
(17,4,0,1),
(17,5,0,1),
(17,6,0,1),
(17,7,0,1),
(17,8,0,1),
(17,9,0,1),
(17,10,0,1),
(17,11,0,1),
(17,12,0,1),
(17,13,0,1),
(17,14,0,1),
(17,15,0,1),
(17,16,0,1),
(17,17,0,1),
(17,18,0,1),
(17,19,0,1),
(17,20,0,1),
(17,21,0,1),
(17,22,0,1),
(17,23,0,1),
(17,24,0,1),
(17,25,0,1),
(17,26,0,1),
(17,27,0,1),
(17,28,0,1),
(17,29,0,1),
(17,30,0,1),
(17,33,0,3),
(17,34,0,3),
(17,35,0,3),
(17,36,0,3),
(17,37,0,3),
(17,38,0,3),
(17,39,0,3),
(17,40,0,3),
(17,41,0,3),
(17,42,0,3),
(17,43,0,3),
(17,44,0,3),
(17,45,0,3),
(17,46,0,3),
(17,47,0,3),
(17,48,0,3),
(17,49,0,3),
(17,50,0,3),
(17,51,0,3),
(17,52,0,3),
(17,53,0,3),
(17,54,0,3),
(17,55,0,3),
(17,56,0,3),
(17,57,0,3),
(17,58,0,3),
(17,59,0,3),
(17,60,0,3),
(17,61,0,3),
(17,62,0,3),
(17,63,0,3),
(18,0,0,1),
(18,1,0,1),
(18,2,0,1),
(18,3,0,1),
(18,4,0,1),
(18,5,0,1),
(18,6,0,1),
(18,7,0,1),
(18,8,0,1),
(18,9,0,1),
(18,10,0,1),
(18,11,0,1),
(18,12,0,1),
(18,13,0,1),
(18,14,0,1),
(18,15,0,1),
(18,16,0,1),
(18,17,0,1),
(18,18,0,1),
(18,19,0,1),
(18,20,0,1),
(18,21,0,1),
(18,22,0,1),
(18,23,0,1),
(18,24,0,1),
(18,25,0,1),
(18,26,0,1),
(18,27,0,1),
(18,28,0,1),
(18,29,0,1),
(18,30,0,1),
(18,33,0,3),
(18,34,0,3),
(18,35,0,3),
(18,36,0,3),
(18,37,0,3),
(18,38,0,3),
(18,39,0,3),
(18,40,0,3),
(18,41,0,3),
(18,42,0,3),
(18,43,0,3),
(18,44,0,3),
(18,45,0,3),
(18,46,0,3),
(18,47,0,3),
(18,48,0,3),
(18,49,0,3),
(18,50,0,3),
(18,51,0,3),
(18,52,0,3),
(18,53,0,3),
(18,54,0,3),
(18,55,0,3),
(18,56,0,3),
(18,57,0,3),
(18,58,0,3),
(18,59,0,3),
(18,60,0,3),
(18,61,0,3),
(18,62,0,3),
(18,63,0,3),
(19,0,0,1),
(19,1,0,1),
(19,2,0,1),
(19,3,0,1),
(19,4,0,1),
(19,5,0,1),
(19,6,0,1),
(19,7,0,1),
(19,8,0,1),
(19,9,0,1),
(19,10,0,1),
(19,11,0,1),
(19,12,0,1),
(19,13,0,1),
(19,14,0,1),
(19,15,0,1),
(19,16,0,1),
(19,17,0,1),
(19,18,0,1),
(19,19,0,1),
(19,20,0,1),
(19,21,0,1),
(19,22,0,1),
(19,23,0,1),
(19,24,0,1),
(19,25,0,1),
(19,26,0,1),
(19,27,0,1),
(19,28,0,1),
(19,29,0,1),
(19,30,0,1),
(19,33,0,3),
(19,34,0,3),
(19,35,0,3),
(19,36,0,3),
(19,37,0,3),
(19,38,0,3),
(19,39,0,3),
(19,40,0,3),
(19,41,0,3),
(19,42,0,3),
(19,43,0,3),
(19,44,0,3),
(19,45,0,3),
(19,46,0,3),
(19,47,0,3),
(19,48,0,3),
(19,49,0,3),
(19,50,0,3),
(19,51,0,3),
(19,52,0,3),
(19,53,0,3),
(19,54,0,3),
(19,55,0,3),
(19,56,0,3),
(19,57,0,3),
(19,58,0,3),
(19,59,0,3),
(19,60,0,3),
(19,61,0,3),
(19,62,0,3),
(19,63,0,3),
(20,0,0,1),
(20,1,0,1),
(20,2,0,1),
(20,3,0,1),
(20,4,0,1),
(20,5,0,1),
(20,6,0,1),
(20,7,0,1),
(20,8,0,1),
(20,9,0,1),
(20,10,0,1),
(20,11,0,1),
(20,12,0,1),
(20,13,0,1),
(20,14,0,1),
(20,15,0,1),
(20,16,0,1),
(20,17,0,1),
(20,18,0,1),
(20,19,0,1),
(20,20,0,1),
(20,21,0,1),
(20,22,0,1),
(20,23,0,1),
(20,24,0,1),
(20,25,0,1),
(20,26,0,1),
(20,27,0,1),
(20,28,0,1),
(20,29,0,1),
(20,30,0,1),
(20,33,0,3),
(20,34,0,3),
(20,35,0,3),
(20,36,0,3),
(20,37,0,3),
(20,38,0,3),
(20,39,0,3),
(20,40,0,3),
(20,41,0,3),
(20,42,0,3),
(20,43,0,3),
(20,44,0,3),
(20,45,0,3),
(20,46,0,3),
(20,47,0,3),
(20,48,0,3),
(20,49,0,3),
(20,50,0,3),
(20,51,0,3),
(20,52,0,3),
(20,53,0,3),
(20,54,0,3),
(20,55,0,3),
(20,56,0,3),
(20,57,0,3),
(20,58,0,3),
(20,59,0,3),
(20,60,0,3),
(20,61,0,3),
(20,62,0,3),
(20,63,0,3),
(21,0,0,1),
(21,1,0,1),
(21,2,0,1),
(21,3,0,1),
(21,4,0,1),
(21,5,0,1),
(21,6,0,1),
(21,7,0,1),
(21,8,0,1),
(21,9,0,1),
(21,10,0,1),
(21,11,0,1),
(21,12,0,1),
(21,13,0,1),
(21,14,0,1),
(21,15,0,1),
(21,16,0,1),
(21,17,0,1),
(21,18,0,1),
(21,19,0,1),
(21,20,0,1),
(21,21,0,1),
(21,22,0,1),
(21,23,0,1),
(21,24,0,1),
(21,25,0,1),
(21,26,0,1),
(21,27,0,1),
(21,28,0,1),
(21,29,0,1),
(21,30,0,1),
(21,33,0,3),
(21,34,0,3),
(21,35,0,3),
(21,36,0,3),
(21,37,0,3),
(21,38,0,3),
(21,39,0,3),
(21,40,0,3),
(21,41,0,3),
(21,42,0,3),
(21,43,0,3),
(21,44,0,3),
(21,45,0,3),
(21,46,0,3),
(21,47,0,3),
(21,48,0,3),
(21,49,0,3),
(21,50,0,3),
(21,51,0,3),
(21,52,0,3),
(21,53,0,3),
(21,54,0,3),
(21,55,0,3),
(21,56,0,3),
(21,57,0,3),
(21,58,0,3),
(21,59,0,3),
(21,60,0,3),
(21,61,0,3),
(21,62,0,3),
(21,63,0,3),
(22,0,0,1),
(22,1,0,1),
(22,2,0,1),
(22,3,0,1),
(22,4,0,1),
(22,5,0,1),
(22,6,0,1),
(22,7,0,1),
(22,8,0,1),
(22,9,0,1),
(22,10,0,1),
(22,11,0,1),
(22,12,0,1),
(22,13,0,1),
(22,14,0,1),
(22,15,0,1),
(22,16,0,1),
(22,17,0,1),
(22,18,0,1),
(22,19,0,1),
(22,20,0,1),
(22,21,0,1),
(22,22,0,1),
(22,23,0,1),
(22,24,0,1),
(22,25,0,1),
(22,26,0,1),
(22,27,0,1),
(22,28,0,1),
(22,29,0,1),
(22,30,0,1),
(22,33,0,3),
(22,34,0,3),
(22,35,0,3),
(22,36,0,3),
(22,37,0,3),
(22,38,0,3),
(22,39,0,3),
(22,40,0,3),
(22,41,0,3),
(22,42,0,3),
(22,43,0,3),
(22,44,0,3),
(22,45,0,3),
(22,46,0,3),
(22,47,0,3),
(22,48,0,3),
(22,49,0,3),
(22,50,0,3),
(22,51,0,3),
(22,52,0,3),
(22,53,0,3),
(22,54,0,3),
(22,55,0,3),
(22,56,0,3),
(22,57,0,3),
(22,58,0,3),
(22,59,0,3),
(22,60,0,3),
(22,61,0,3),
(22,62,0,3),
(22,63,0,3),
(23,0,0,1),
(23,1,0,1),
(23,2,0,1),
(23,3,0,1),
(23,4,0,1),
(23,5,0,1),
(23,6,0,1),
(23,7,0,1),
(23,8,0,1),
(23,9,0,1),
(23,10,0,1),
(23,11,0,1),
(23,12,0,1),
(23,13,0,1),
(23,14,0,1),
(23,15,0,1),
(23,16,0,1),
(23,17,0,1),
(23,18,0,1),
(23,19,0,1),
(23,20,0,1),
(23,21,0,1),
(23,22,0,1),
(23,23,0,1),
(23,24,0,1),
(23,25,0,1),
(23,26,0,1),
(23,27,0,1),
(23,28,0,1),
(23,29,0,1),
(23,30,0,1),
(23,33,0,3),
(23,34,0,3),
(23,35,0,3),
(23,36,0,3),
(23,37,0,3),
(23,38,0,3),
(23,39,0,3),
(23,40,0,3),
(23,41,0,3),
(23,42,0,3),
(23,43,0,3),
(23,44,0,3),
(23,45,0,3),
(23,46,0,3),
(23,47,0,3),
(23,48,0,3),
(23,49,0,3),
(23,50,0,3),
(23,51,0,3),
(23,52,0,3),
(23,53,0,3),
(23,54,0,3),
(23,55,0,3),
(23,56,0,3),
(23,57,0,3),
(23,58,0,3),
(23,59,0,3),
(23,60,0,3),
(23,61,0,3),
(23,62,0,3),
(23,63,0,3),
(24,0,0,1),
(24,1,0,1),
(24,2,0,1),
(24,3,0,1),
(24,4,0,1),
(24,5,0,1),
(24,6,0,1),
(24,7,0,1),
(24,8,0,1),
(24,9,0,1),
(24,10,0,1),
(24,11,0,1),
(24,12,0,1),
(24,13,0,1),
(24,14,0,1),
(24,15,0,1),
(24,16,0,1),
(24,17,0,1),
(24,18,0,1),
(24,19,0,1),
(24,20,0,1),
(24,21,0,1),
(24,22,0,1),
(24,23,0,1),
(24,24,0,1),
(24,25,0,1),
(24,26,0,1),
(24,27,0,1),
(24,28,0,1),
(24,29,0,1),
(24,30,0,1),
(24,33,0,3),
(24,34,0,3),
(24,35,0,3),
(24,36,0,3),
(24,37,0,3),
(24,38,0,3),
(24,39,0,3),
(24,40,0,3),
(24,41,0,3),
(24,42,0,3),
(24,43,0,3),
(24,44,0,3),
(24,45,0,3),
(24,46,0,3),
(24,47,0,3),
(24,48,0,3),
(24,49,0,3),
(24,50,0,3),
(24,51,0,3),
(24,52,0,3),
(24,53,0,3),
(24,54,0,3),
(24,55,0,3),
(24,56,0,3),
(24,57,0,3),
(24,58,0,3),
(24,59,0,3),
(24,60,0,3),
(24,61,0,3),
(24,62,0,3),
(24,63,0,3),
(25,0,0,1),
(25,1,0,1),
(25,2,0,1),
(25,3,0,1),
(25,4,0,1),
(25,5,0,1),
(25,6,0,1),
(25,7,0,1),
(25,8,0,1),
(25,9,0,1),
(25,10,0,1),
(25,11,0,1),
(25,12,0,1),
(25,13,0,1),
(25,14,0,1),
(25,15,0,1),
(25,16,0,1),
(25,17,0,1),
(25,18,0,1),
(25,19,0,1),
(25,20,0,1),
(25,21,0,1),
(25,22,0,1),
(25,23,0,1),
(25,24,0,1),
(25,25,0,1),
(25,26,0,1),
(25,27,0,1),
(25,28,0,1),
(25,29,0,1),
(25,30,0,1),
(25,33,0,3),
(25,34,0,3),
(25,35,0,3),
(25,36,0,3),
(25,37,0,3),
(25,38,0,3),
(25,39,0,3),
(25,40,0,3),
(25,41,0,3),
(25,42,0,3),
(25,43,0,3),
(25,44,0,3),
(25,45,0,3),
(25,46,0,3),
(25,47,0,3),
(25,48,0,3),
(25,49,0,3),
(25,50,0,3),
(25,51,0,3),
(25,52,0,3),
(25,53,0,3),
(25,54,0,3),
(25,55,0,3),
(25,56,0,3),
(25,57,0,3),
(25,58,0,3),
(25,59,0,3),
(25,60,0,3),
(25,61,0,3),
(25,62,0,3),
(25,63,0,3),
(26,0,0,1),
(26,1,0,1),
(26,2,0,1),
(26,3,0,1),
(26,4,0,1),
(26,5,0,1),
(26,6,0,1),
(26,7,0,1),
(26,8,0,1),
(26,9,0,1),
(26,10,0,1),
(26,11,0,1),
(26,12,0,1),
(26,13,0,1),
(26,14,0,1),
(26,15,0,1),
(26,16,0,1),
(26,17,0,1),
(26,18,0,1),
(26,19,0,1),
(26,20,0,1),
(26,21,0,1),
(26,22,0,1),
(26,23,0,1),
(26,24,0,1),
(26,25,0,1),
(26,26,0,1),
(26,27,0,1),
(26,28,0,1),
(26,29,0,1),
(26,30,0,1),
(26,33,0,3),
(26,34,0,3),
(26,35,0,3),
(26,36,0,3),
(26,37,0,3),
(26,38,0,3),
(26,39,0,3),
(26,40,0,3),
(26,41,0,3),
(26,42,0,3),
(26,43,0,3),
(26,44,0,3),
(26,45,0,3),
(26,46,0,3),
(26,47,0,3),
(26,48,0,3),
(26,49,0,3),
(26,50,0,3),
(26,51,0,3),
(26,52,0,3),
(26,53,0,3),
(26,54,0,3),
(26,55,0,3),
(26,56,0,3),
(26,57,0,3),
(26,58,0,3),
(26,59,0,3),
(26,60,0,3),
(26,61,0,3),
(26,62,0,3),
(26,63,0,3),
(27,0,0,1),
(27,1,0,1),
(27,2,0,1),
(27,3,0,1),
(27,4,0,1),
(27,5,0,1),
(27,6,0,1),
(27,7,0,1),
(27,8,0,1),
(27,9,0,1),
(27,10,0,1),
(27,11,0,1),
(27,12,0,1),
(27,13,0,1),
(27,14,0,1),
(27,15,0,1),
(27,16,0,1),
(27,17,0,1),
(27,18,0,1),
(27,19,0,1),
(27,20,0,1),
(27,21,0,1),
(27,22,0,1),
(27,23,0,1),
(27,24,0,1),
(27,25,0,1),
(27,26,0,1),
(27,27,0,1),
(27,28,0,1),
(27,29,0,1),
(27,30,0,1),
(27,33,0,3),
(27,34,0,3),
(27,35,0,3),
(27,36,0,3),
(27,37,0,3),
(27,38,0,3),
(27,39,0,3),
(27,40,0,3),
(27,41,0,3),
(27,42,0,3),
(27,43,0,3),
(27,44,0,3),
(27,45,0,3),
(27,46,0,3),
(27,47,0,3),
(27,48,0,3),
(27,49,0,3),
(27,50,0,3),
(27,51,0,3),
(27,52,0,3),
(27,53,0,3),
(27,54,0,3),
(27,55,0,3),
(27,56,0,3),
(27,57,0,3),
(27,58,0,3),
(27,59,0,3),
(27,60,0,3),
(27,61,0,3),
(27,62,0,3),
(27,63,0,3),
(28,0,0,1),
(28,1,0,1),
(28,2,0,1),
(28,3,0,1),
(28,4,0,1),
(28,5,0,1),
(28,6,0,1),
(28,7,0,1),
(28,8,0,1),
(28,9,0,1),
(28,10,0,1),
(28,11,0,1),
(28,12,0,1),
(28,13,0,1),
(28,14,0,1),
(28,15,0,1),
(28,16,0,1),
(28,17,0,1),
(28,18,0,1),
(28,19,0,1),
(28,20,0,1),
(28,21,0,1),
(28,22,0,1),
(28,23,0,1),
(28,24,0,1),
(28,25,0,1),
(28,26,0,1),
(28,27,0,1),
(28,28,0,1),
(28,29,0,1),
(28,30,0,1),
(28,33,0,3),
(28,34,0,3),
(28,35,0,3),
(28,36,0,3),
(28,37,0,3),
(28,38,0,3),
(28,39,0,3),
(28,40,0,3),
(28,41,0,3),
(28,42,0,3),
(28,43,0,3),
(28,44,0,3),
(28,45,0,3),
(28,46,0,3),
(28,47,0,3),
(28,48,0,3),
(28,49,0,3),
(28,50,0,3),
(28,51,0,3),
(28,52,0,3),
(28,53,0,3),
(28,54,0,3),
(28,55,0,3),
(28,56,0,3),
(28,57,0,3),
(28,58,0,3),
(28,59,0,3),
(28,60,0,3),
(28,61,0,3),
(28,62,0,3),
(28,63,0,3),
(29,0,0,1),
(29,1,0,1),
(29,2,0,1),
(29,3,0,1),
(29,4,0,1),
(29,5,0,1),
(29,6,0,1),
(29,7,0,1),
(29,8,0,1),
(29,9,0,1),
(29,10,0,1),
(29,11,0,1),
(29,12,0,1),
(29,13,0,1),
(29,14,0,1),
(29,15,0,1),
(29,16,0,1),
(29,17,0,1),
(29,18,0,1),
(29,19,0,1),
(29,20,0,1),
(29,21,0,1),
(29,22,0,1),
(29,23,0,1),
(29,24,0,1),
(29,25,0,1),
(29,26,0,1),
(29,27,0,1),
(29,28,0,1),
(29,29,0,1),
(29,30,0,1),
(29,33,0,3),
(29,34,0,3),
(29,35,0,3),
(29,36,0,3),
(29,37,0,3),
(29,38,0,3),
(29,39,0,3),
(29,40,0,3),
(29,41,0,3),
(29,42,0,3),
(29,43,0,3),
(29,44,0,3),
(29,45,0,3),
(29,46,0,3),
(29,47,0,3),
(29,48,0,3),
(29,49,0,3),
(29,50,0,3),
(29,51,0,3),
(29,52,0,3),
(29,53,0,3),
(29,54,0,3),
(29,55,0,3),
(29,56,0,3),
(29,57,0,3),
(29,58,0,3),
(29,59,0,3),
(29,60,0,3),
(29,61,0,3),
(29,62,0,3),
(29,63,0,3),
(30,0,0,1),
(30,1,0,1),
(30,2,0,1),
(30,3,0,1),
(30,4,0,1),
(30,5,0,1),
(30,6,0,1),
(30,7,0,1),
(30,8,0,1),
(30,9,0,1),
(30,10,0,1),
(30,11,0,1),
(30,12,0,1),
(30,13,0,1),
(30,14,0,1),
(30,15,0,1),
(30,16,0,1),
(30,17,0,1),
(30,18,0,1),
(30,19,0,1),
(30,20,0,1),
(30,21,0,1),
(30,22,0,1),
(30,23,0,1),
(30,24,0,1),
(30,25,0,1),
(30,26,0,1),
(30,27,0,1),
(30,28,0,1),
(30,29,0,1),
(30,30,0,1),
(30,33,0,3),
(30,34,0,3),
(30,35,0,3),
(30,36,0,3),
(30,37,0,3),
(30,38,0,3),
(30,39,0,3),
(30,40,0,3),
(30,41,0,3),
(30,42,0,3),
(30,43,0,3),
(30,44,0,3),
(30,45,0,3),
(30,46,0,3),
(30,47,0,3),
(30,48,0,3),
(30,49,0,3),
(30,50,0,3),
(30,51,0,3),
(30,52,0,3),
(30,53,0,3),
(30,54,0,3),
(30,55,0,3),
(30,56,0,3),
(30,57,0,3),
(30,58,0,3),
(30,59,0,3),
(30,60,0,3),
(30,61,0,3),
(30,62,0,3),
(30,63,0,3),
(33,0,0,2),
(33,1,0,2),
(33,2,0,2),
(33,3,0,2),
(33,4,0,2),
(33,5,0,2),
(33,6,0,2),
(33,7,0,2),
(33,8,0,2),
(33,9,0,2),
(33,10,0,2),
(33,11,0,2),
(33,12,0,2),
(33,13,0,2),
(33,14,0,2),
(33,15,0,2),
(33,16,0,2),
(33,17,0,2),
(33,18,0,2),
(33,19,0,2),
(33,20,0,2),
(33,21,0,2),
(33,22,0,2),
(33,23,0,2),
(33,24,0,2),
(33,25,0,2),
(33,26,0,2),
(33,27,0,2),
(33,28,0,2),
(33,29,0,2),
(33,30,0,2),
(33,33,0,4),
(33,34,0,4),
(33,35,0,4),
(33,36,0,4),
(33,37,0,4),
(33,38,0,4),
(33,39,0,4),
(33,40,0,4),
(33,41,0,4),
(33,42,0,4),
(33,43,0,4),
(33,44,0,4),
(33,45,0,4),
(33,46,0,4),
(33,47,0,4),
(33,48,0,4),
(33,49,0,4),
(33,50,0,4),
(33,51,0,4),
(33,52,0,4),
(33,53,0,4),
(33,54,0,4),
(33,55,0,4),
(33,56,0,4),
(33,57,0,4),
(33,58,0,4),
(33,59,0,4),
(33,60,0,4),
(33,61,0,4),
(33,62,0,4),
(33,63,0,4),
(34,0,0,2),
(34,1,0,2),
(34,2,0,2),
(34,3,0,2),
(34,4,0,2),
(34,5,0,2),
(34,6,0,2),
(34,7,0,2),
(34,8,0,2),
(34,9,0,2),
(34,10,0,2),
(34,11,0,2),
(34,12,0,2),
(34,13,0,2),
(34,14,0,2),
(34,15,0,2),
(34,16,0,2),
(34,17,0,2),
(34,18,0,2),
(34,19,0,2),
(34,20,0,2),
(34,21,0,2),
(34,22,0,2),
(34,23,0,2),
(34,24,0,2),
(34,25,0,2),
(34,26,0,2),
(34,27,0,2),
(34,28,0,2),
(34,29,0,2),
(34,30,0,2),
(34,33,0,4),
(34,34,0,4),
(34,35,0,4),
(34,36,0,4),
(34,37,0,4),
(34,38,0,4),
(34,39,0,4),
(34,40,0,4),
(34,41,0,4),
(34,42,0,4),
(34,43,0,4),
(34,44,0,4),
(34,45,0,4),
(34,46,0,4),
(34,47,0,4),
(34,48,0,4),
(34,49,0,4),
(34,50,0,4),
(34,51,0,4),
(34,52,0,4),
(34,53,0,4),
(34,54,0,4),
(34,55,0,4),
(34,56,0,4),
(34,57,0,4),
(34,58,0,4),
(34,59,0,4),
(34,60,0,4),
(34,61,0,4),
(34,62,0,4),
(34,63,0,4),
(35,0,0,2),
(35,1,0,2),
(35,2,0,2),
(35,3,0,2),
(35,4,0,2),
(35,5,0,2),
(35,6,0,2),
(35,7,0,2),
(35,8,0,2),
(35,9,0,2),
(35,10,0,2),
(35,11,0,2),
(35,12,0,2),
(35,13,0,2),
(35,14,0,2),
(35,15,0,2),
(35,16,0,2),
(35,17,0,2),
(35,18,0,2),
(35,19,0,2),
(35,20,0,2),
(35,21,0,2),
(35,22,0,2),
(35,23,0,2),
(35,24,0,2),
(35,25,0,2),
(35,26,0,2),
(35,27,0,2),
(35,28,0,2),
(35,29,0,2),
(35,30,0,2),
(35,33,0,4),
(35,34,0,4),
(35,35,0,4),
(35,36,0,4),
(35,37,0,4),
(35,38,0,4),
(35,39,0,4),
(35,40,0,4),
(35,41,0,4),
(35,42,0,4),
(35,43,0,4),
(35,44,0,4),
(35,45,0,4),
(35,46,0,4),
(35,47,0,4),
(35,48,0,4),
(35,49,0,4),
(35,50,0,4),
(35,51,0,4),
(35,52,0,4),
(35,53,0,4),
(35,54,0,4),
(35,55,0,4),
(35,56,0,4),
(35,57,0,4),
(35,58,0,4),
(35,59,0,4),
(35,60,0,4),
(35,61,0,4),
(35,62,0,4),
(35,63,0,4),
(36,0,0,2),
(36,1,0,2),
(36,2,0,2),
(36,3,0,2),
(36,4,0,2),
(36,5,0,2),
(36,6,0,2),
(36,7,0,2),
(36,8,0,2),
(36,9,0,2),
(36,10,0,2),
(36,11,0,2),
(36,12,0,2),
(36,13,0,2),
(36,14,0,2),
(36,15,0,2),
(36,16,0,2),
(36,17,0,2),
(36,18,0,2),
(36,19,0,2),
(36,20,0,2),
(36,21,0,2),
(36,22,0,2),
(36,23,0,2),
(36,24,0,2),
(36,25,0,2),
(36,26,0,2),
(36,27,0,2),
(36,28,0,2),
(36,29,0,2),
(36,30,0,2),
(36,33,0,4),
(36,34,0,4),
(36,35,0,4),
(36,36,0,4),
(36,37,0,4),
(36,38,0,4),
(36,39,0,4),
(36,40,0,4),
(36,41,0,4),
(36,42,0,4),
(36,43,0,4),
(36,44,0,4),
(36,45,0,4),
(36,46,0,4),
(36,47,0,4),
(36,48,0,4),
(36,49,0,4),
(36,50,0,4),
(36,51,0,4),
(36,52,0,4),
(36,53,0,4),
(36,54,0,4),
(36,55,0,4),
(36,56,0,4),
(36,57,0,4),
(36,58,0,4),
(36,59,0,4),
(36,60,0,4),
(36,61,0,4),
(36,62,0,4),
(36,63,0,4),
(37,0,0,2),
(37,1,0,2),
(37,2,0,2),
(37,3,0,2),
(37,4,0,2),
(37,5,0,2),
(37,6,0,2),
(37,7,0,2),
(37,8,0,2),
(37,9,0,2),
(37,10,0,2),
(37,11,0,2),
(37,12,0,2),
(37,13,0,2),
(37,14,0,2),
(37,15,0,2),
(37,16,0,2),
(37,17,0,2),
(37,18,0,2),
(37,19,0,2),
(37,20,0,2),
(37,21,0,2),
(37,22,0,2),
(37,23,0,2),
(37,24,0,2),
(37,25,0,2),
(37,26,0,2),
(37,27,0,2),
(37,28,0,2),
(37,29,0,2),
(37,30,0,2),
(37,33,0,4),
(37,34,0,4),
(37,35,0,4),
(37,36,0,4),
(37,37,0,4),
(37,38,0,4),
(37,39,0,4),
(37,40,0,4),
(37,41,0,4),
(37,42,0,4),
(37,43,0,4),
(37,44,0,4),
(37,45,0,4),
(37,46,0,4),
(37,47,0,4),
(37,48,0,4),
(37,49,0,4),
(37,50,0,4),
(37,51,0,4),
(37,52,0,4),
(37,53,0,4),
(37,54,0,4),
(37,55,0,4),
(37,56,0,4),
(37,57,0,4),
(37,58,0,4),
(37,59,0,4),
(37,60,0,4),
(37,61,0,4),
(37,62,0,4),
(37,63,0,4),
(38,0,0,2),
(38,1,0,2),
(38,2,0,2),
(38,3,0,2),
(38,4,0,2),
(38,5,0,2),
(38,6,0,2),
(38,7,0,2),
(38,8,0,2),
(38,9,0,2),
(38,10,0,2),
(38,11,0,2),
(38,12,0,2),
(38,13,0,2),
(38,14,0,2),
(38,15,0,2),
(38,16,0,2),
(38,17,0,2),
(38,18,0,2),
(38,19,0,2),
(38,20,0,2),
(38,21,0,2),
(38,22,0,2),
(38,23,0,2),
(38,24,0,2),
(38,25,0,2),
(38,26,0,2),
(38,27,0,2),
(38,28,0,2),
(38,29,0,2),
(38,30,0,2),
(38,33,0,4),
(38,34,0,4),
(38,35,0,4),
(38,36,0,4),
(38,37,0,4),
(38,38,0,4),
(38,39,0,4),
(38,40,0,4),
(38,41,0,4),
(38,42,0,4),
(38,43,0,4),
(38,44,0,4),
(38,45,0,4),
(38,46,0,4),
(38,47,0,4),
(38,48,0,4),
(38,49,0,4),
(38,50,0,4),
(38,51,0,4),
(38,52,0,4),
(38,53,0,4),
(38,54,0,4),
(38,55,0,4),
(38,56,0,4),
(38,57,0,4),
(38,58,0,4),
(38,59,0,4),
(38,60,0,4),
(38,61,0,4),
(38,62,0,4),
(38,63,0,4),
(39,0,0,2),
(39,1,0,2),
(39,2,0,2),
(39,3,0,2),
(39,4,0,2),
(39,5,0,2),
(39,6,0,2),
(39,7,0,2),
(39,8,0,2),
(39,9,0,2),
(39,10,0,2),
(39,11,0,2),
(39,12,0,2),
(39,13,0,2),
(39,14,0,2),
(39,15,0,2),
(39,16,0,2),
(39,17,0,2),
(39,18,0,2),
(39,19,0,2),
(39,20,0,2),
(39,21,0,2),
(39,22,0,2),
(39,23,0,2),
(39,24,0,2),
(39,25,0,2),
(39,26,0,2),
(39,27,0,2),
(39,28,0,2),
(39,29,0,2),
(39,30,0,2),
(39,33,0,4),
(39,34,0,4),
(39,35,0,4),
(39,36,0,4),
(39,37,0,4),
(39,38,0,4),
(39,39,0,4),
(39,40,0,4),
(39,41,0,4),
(39,42,0,4),
(39,43,0,4),
(39,44,0,4),
(39,45,0,4),
(39,46,0,4),
(39,47,0,4),
(39,48,0,4),
(39,49,0,4),
(39,50,0,4),
(39,51,0,4),
(39,52,0,4),
(39,53,0,4),
(39,54,0,4),
(39,55,0,4),
(39,56,0,4),
(39,57,0,4),
(39,58,0,4),
(39,59,0,4),
(39,60,0,4),
(39,61,0,4),
(39,62,0,4),
(39,63,0,4),
(40,0,0,2),
(40,1,0,2),
(40,2,0,2),
(40,3,0,2),
(40,4,0,2),
(40,5,0,2),
(40,6,0,2),
(40,7,0,2),
(40,8,0,2),
(40,9,0,2),
(40,10,0,2),
(40,11,0,2),
(40,12,0,2),
(40,13,0,2),
(40,14,0,2),
(40,15,0,2),
(40,16,0,2),
(40,17,0,2),
(40,18,0,2),
(40,19,0,2),
(40,20,0,2),
(40,21,0,2),
(40,22,0,2),
(40,23,0,2),
(40,24,0,2),
(40,25,0,2),
(40,26,0,2),
(40,27,0,2),
(40,28,0,2),
(40,29,0,2),
(40,30,0,2),
(40,33,0,4),
(40,34,0,4),
(40,35,0,4),
(40,36,0,4),
(40,37,0,4),
(40,38,0,4),
(40,39,0,4),
(40,40,0,4),
(40,41,0,4),
(40,42,0,4),
(40,43,0,4),
(40,44,0,4),
(40,45,0,4),
(40,46,0,4),
(40,47,0,4),
(40,48,0,4),
(40,49,0,4),
(40,50,0,4),
(40,51,0,4),
(40,52,0,4),
(40,53,0,4),
(40,54,0,4),
(40,55,0,4),
(40,56,0,4),
(40,57,0,4),
(40,58,0,4),
(40,59,0,4),
(40,60,0,4),
(40,61,0,4),
(40,62,0,4),
(40,63,0,4),
(41,0,0,2),
(41,1,0,2),
(41,2,0,2),
(41,3,0,2),
(41,4,0,2),
(41,5,0,2),
(41,6,0,2),
(41,7,0,2),
(41,8,0,2),
(41,9,0,2),
(41,10,0,2),
(41,11,0,2),
(41,12,0,2),
(41,13,0,2),
(41,14,0,2),
(41,15,0,2),
(41,16,0,2),
(41,17,0,2),
(41,18,0,2),
(41,19,0,2),
(41,20,0,2),
(41,21,0,2),
(41,22,0,2),
(41,23,0,2),
(41,24,0,2),
(41,25,0,2),
(41,26,0,2),
(41,27,0,2),
(41,28,0,2),
(41,29,0,2),
(41,30,0,2),
(41,33,0,4),
(41,34,0,4),
(41,35,0,4),
(41,36,0,4),
(41,37,0,4),
(41,38,0,4),
(41,39,0,4),
(41,40,0,4),
(41,41,0,4),
(41,42,0,4),
(41,43,0,4),
(41,44,0,4),
(41,45,0,4),
(41,46,0,4),
(41,47,0,4),
(41,48,0,4),
(41,49,0,4),
(41,50,0,4),
(41,51,0,4),
(41,52,0,4),
(41,53,0,4),
(41,54,0,4),
(41,55,0,4),
(41,56,0,4),
(41,57,0,4),
(41,58,0,4),
(41,59,0,4),
(41,60,0,4),
(41,61,0,4),
(41,62,0,4),
(41,63,0,4),
(42,0,0,2),
(42,1,0,2),
(42,2,0,2),
(42,3,0,2),
(42,4,0,2),
(42,5,0,2),
(42,6,0,2),
(42,7,0,2),
(42,8,0,2),
(42,9,0,2),
(42,10,0,2),
(42,11,0,2),
(42,12,0,2),
(42,13,0,2),
(42,14,0,2),
(42,15,0,2),
(42,16,0,2),
(42,17,0,2),
(42,18,0,2),
(42,19,0,2),
(42,20,0,2),
(42,21,0,2),
(42,22,0,2),
(42,23,0,2),
(42,24,0,2),
(42,25,0,2),
(42,26,0,2),
(42,27,0,2),
(42,28,0,2),
(42,29,0,2),
(42,30,0,2),
(42,33,0,4),
(42,34,0,4),
(42,35,0,4),
(42,36,0,4),
(42,37,0,4),
(42,38,0,4),
(42,39,0,4),
(42,40,0,4),
(42,41,0,4),
(42,42,0,4),
(42,43,0,4),
(42,44,0,4),
(42,45,0,4),
(42,46,0,4),
(42,47,0,4),
(42,48,0,4),
(42,49,0,4),
(42,50,0,4),
(42,51,0,4),
(42,52,0,4),
(42,53,0,4),
(42,54,0,4),
(42,55,0,4),
(42,56,0,4),
(42,57,0,4),
(42,58,0,4),
(42,59,0,4),
(42,60,0,4),
(42,61,0,4),
(42,62,0,4),
(42,63,0,4),
(43,0,0,2),
(43,1,0,2),
(43,2,0,2),
(43,3,0,2),
(43,4,0,2),
(43,5,0,2),
(43,6,0,2),
(43,7,0,2),
(43,8,0,2),
(43,9,0,2),
(43,10,0,2),
(43,11,0,2),
(43,12,0,2),
(43,13,0,2),
(43,14,0,2),
(43,15,0,2),
(43,16,0,2),
(43,17,0,2),
(43,18,0,2),
(43,19,0,2),
(43,20,0,2),
(43,21,0,2),
(43,22,0,2),
(43,23,0,2),
(43,24,0,2),
(43,25,0,2),
(43,26,0,2),
(43,27,0,2),
(43,28,0,2),
(43,29,0,2),
(43,30,0,2),
(43,33,0,4),
(43,34,0,4),
(43,35,0,4),
(43,36,0,4),
(43,37,0,4),
(43,38,0,4),
(43,39,0,4),
(43,40,0,4),
(43,41,0,4),
(43,42,0,4),
(43,43,0,4),
(43,44,0,4),
(43,45,0,4),
(43,46,0,4),
(43,47,0,4),
(43,48,0,4),
(43,49,0,4),
(43,50,0,4),
(43,51,0,4),
(43,52,0,4),
(43,53,0,4),
(43,54,0,4),
(43,55,0,4),
(43,56,0,4),
(43,57,0,4),
(43,58,0,4),
(43,59,0,4),
(43,60,0,4),
(43,61,0,4),
(43,62,0,4),
(43,63,0,4),
(44,0,0,2),
(44,1,0,2),
(44,2,0,2),
(44,3,0,2),
(44,4,0,2),
(44,5,0,2),
(44,6,0,2),
(44,7,0,2),
(44,8,0,2),
(44,9,0,2),
(44,10,0,2),
(44,11,0,2),
(44,12,0,2),
(44,13,0,2),
(44,14,0,2),
(44,15,0,2),
(44,16,0,2),
(44,17,0,2),
(44,18,0,2),
(44,19,0,2),
(44,20,0,2),
(44,21,0,2),
(44,22,0,2),
(44,23,0,2),
(44,24,0,2),
(44,25,0,2),
(44,26,0,2),
(44,27,0,2),
(44,28,0,2),
(44,29,0,2),
(44,30,0,2),
(44,33,0,4),
(44,34,0,4),
(44,35,0,4),
(44,36,0,4),
(44,37,0,4),
(44,38,0,4),
(44,39,0,4),
(44,40,0,4),
(44,41,0,4),
(44,42,0,4),
(44,43,0,4),
(44,44,0,4),
(44,45,0,4),
(44,46,0,4),
(44,47,0,4),
(44,48,0,4),
(44,49,0,4),
(44,50,0,4),
(44,51,0,4),
(44,52,0,4),
(44,53,0,4),
(44,54,0,4),
(44,55,0,4),
(44,56,0,4),
(44,57,0,4),
(44,58,0,4),
(44,59,0,4),
(44,60,0,4),
(44,61,0,4),
(44,62,0,4),
(44,63,0,4),
(45,0,0,2),
(45,1,0,2),
(45,2,0,2),
(45,3,0,2),
(45,4,0,2),
(45,5,0,2),
(45,6,0,2),
(45,7,0,2),
(45,8,0,2),
(45,9,0,2),
(45,10,0,2),
(45,11,0,2),
(45,12,0,2),
(45,13,0,2),
(45,14,0,2),
(45,15,0,2),
(45,16,0,2),
(45,17,0,2),
(45,18,0,2),
(45,19,0,2),
(45,20,0,2),
(45,21,0,2),
(45,22,0,2),
(45,23,0,2),
(45,24,0,2),
(45,25,0,2),
(45,26,0,2),
(45,27,0,2),
(45,28,0,2),
(45,29,0,2),
(45,30,0,2),
(45,33,0,4),
(45,34,0,4),
(45,35,0,4),
(45,36,0,4),
(45,37,0,4),
(45,38,0,4),
(45,39,0,4),
(45,40,0,4),
(45,41,0,4),
(45,42,0,4),
(45,43,0,4),
(45,44,0,4),
(45,45,0,4),
(45,46,0,4),
(45,47,0,4),
(45,48,0,4),
(45,49,0,4),
(45,50,0,4),
(45,51,0,4),
(45,52,0,4),
(45,53,0,4),
(45,54,0,4),
(45,55,0,4),
(45,56,0,4),
(45,57,0,4),
(45,58,0,4),
(45,59,0,4),
(45,60,0,4),
(45,61,0,4),
(45,62,0,4),
(45,63,0,4),
(46,0,0,2),
(46,1,0,2),
(46,2,0,2),
(46,3,0,2),
(46,4,0,2),
(46,5,0,2),
(46,6,0,2),
(46,7,0,2),
(46,8,0,2),
(46,9,0,2),
(46,10,0,2),
(46,11,0,2),
(46,12,0,2),
(46,13,0,2),
(46,14,0,2),
(46,15,0,2),
(46,16,0,2),
(46,17,0,2),
(46,18,0,2),
(46,19,0,2),
(46,20,0,2),
(46,21,0,2),
(46,22,0,2),
(46,23,0,2),
(46,24,0,2),
(46,25,0,2),
(46,26,0,2),
(46,27,0,2),
(46,28,0,2),
(46,29,0,2),
(46,30,0,2),
(46,33,0,4),
(46,34,0,4),
(46,35,0,4),
(46,36,0,4),
(46,37,0,4),
(46,38,0,4),
(46,39,0,4),
(46,40,0,4),
(46,41,0,4),
(46,42,0,4),
(46,43,0,4),
(46,44,0,4),
(46,45,0,4),
(46,46,0,4),
(46,47,0,4),
(46,48,0,4),
(46,49,0,4),
(46,50,0,4),
(46,51,0,4),
(46,52,0,4),
(46,53,0,4),
(46,54,0,4),
(46,55,0,4),
(46,56,0,4),
(46,57,0,4),
(46,58,0,4),
(46,59,0,4),
(46,60,0,4),
(46,61,0,4),
(46,62,0,4),
(46,63,0,4),
(47,0,0,2),
(47,1,0,2),
(47,2,0,2),
(47,3,0,2),
(47,4,0,2),
(47,5,0,2),
(47,6,0,2),
(47,7,0,2),
(47,8,0,2),
(47,9,0,2),
(47,10,0,2),
(47,11,0,2),
(47,12,0,2),
(47,13,0,2),
(47,14,0,2),
(47,15,0,2),
(47,16,0,2),
(47,17,0,2),
(47,18,0,2),
(47,19,0,2),
(47,20,0,2),
(47,21,0,2),
(47,22,0,2),
(47,23,0,2),
(47,24,0,2),
(47,25,0,2),
(47,26,0,2),
(47,27,0,2),
(47,28,0,2),
(47,29,0,2),
(47,30,0,2),
(47,33,0,4),
(47,34,0,4),
(47,35,0,4),
(47,36,0,4),
(47,37,0,4),
(47,38,0,4),
(47,39,0,4),
(47,40,0,4),
(47,41,0,4),
(47,42,0,4),
(47,43,0,4),
(47,44,0,4),
(47,45,0,4),
(47,46,0,4),
(47,47,0,4),
(47,48,0,4),
(47,49,0,4),
(47,50,0,4),
(47,51,0,4),
(47,52,0,4),
(47,53,0,4),
(47,54,0,4),
(47,55,0,4),
(47,56,0,4),
(47,57,0,4),
(47,58,0,4),
(47,59,0,4),
(47,60,0,4),
(47,61,0,4),
(47,62,0,4),
(47,63,0,4),
(48,0,0,2),
(48,1,0,2),
(48,2,0,2),
(48,3,0,2),
(48,4,0,2),
(48,5,0,2),
(48,6,0,2),
(48,7,0,2),
(48,8,0,2),
(48,9,0,2),
(48,10,0,2),
(48,11,0,2),
(48,12,0,2),
(48,13,0,2),
(48,14,0,2),
(48,15,0,2),
(48,16,0,2),
(48,17,0,2),
(48,18,0,2),
(48,19,0,2),
(48,20,0,2),
(48,21,0,2),
(48,22,0,2),
(48,23,0,2),
(48,24,0,2),
(48,25,0,2),
(48,26,0,2),
(48,27,0,2),
(48,28,0,2),
(48,29,0,2),
(48,30,0,2),
(48,33,0,4),
(48,34,0,4),
(48,35,0,4),
(48,36,0,4),
(48,37,0,4),
(48,38,0,4),
(48,39,0,4),
(48,40,0,4),
(48,41,0,4),
(48,42,0,4),
(48,43,0,4),
(48,44,0,4),
(48,45,0,4),
(48,46,0,4),
(48,47,0,4),
(48,48,0,4),
(48,49,0,4),
(48,50,0,4),
(48,51,0,4),
(48,52,0,4),
(48,53,0,4),
(48,54,0,4),
(48,55,0,4),
(48,56,0,4),
(48,57,0,4),
(48,58,0,4),
(48,59,0,4),
(48,60,0,4),
(48,61,0,4),
(48,62,0,4),
(48,63,0,4),
(49,0,0,2),
(49,1,0,2),
(49,2,0,2),
(49,3,0,2),
(49,4,0,2),
(49,5,0,2),
(49,6,0,2),
(49,7,0,2),
(49,8,0,2),
(49,9,0,2),
(49,10,0,2),
(49,11,0,2),
(49,12,0,2),
(49,13,0,2),
(49,14,0,2),
(49,15,0,2),
(49,16,0,2),
(49,17,0,2),
(49,18,0,2),
(49,19,0,2),
(49,20,0,2),
(49,21,0,2),
(49,22,0,2),
(49,23,0,2),
(49,24,0,2),
(49,25,0,2),
(49,26,0,2),
(49,27,0,2),
(49,28,0,2),
(49,29,0,2),
(49,30,0,2),
(49,33,0,4),
(49,34,0,4),
(49,35,0,4),
(49,36,0,4),
(49,37,0,4),
(49,38,0,4),
(49,39,0,4),
(49,40,0,4),
(49,41,0,4),
(49,42,0,4),
(49,43,0,4),
(49,44,0,4),
(49,45,0,4),
(49,46,0,4),
(49,47,0,4),
(49,48,0,4),
(49,49,0,4),
(49,50,0,4),
(49,51,0,4),
(49,52,0,4),
(49,53,0,4),
(49,54,0,4),
(49,55,0,4),
(49,56,0,4),
(49,57,0,4),
(49,58,0,4),
(49,59,0,4),
(49,60,0,4),
(49,61,0,4),
(49,62,0,4),
(49,63,0,4),
(50,0,0,2),
(50,1,0,2),
(50,2,0,2),
(50,3,0,2),
(50,4,0,2),
(50,5,0,2),
(50,6,0,2),
(50,7,0,2),
(50,8,0,2),
(50,9,0,2),
(50,10,0,2),
(50,11,0,2),
(50,12,0,2),
(50,13,0,2),
(50,14,0,2),
(50,15,0,2),
(50,16,0,2),
(50,17,0,2),
(50,18,0,2),
(50,19,0,2),
(50,20,0,2),
(50,21,0,2),
(50,22,0,2),
(50,23,0,2),
(50,24,0,2),
(50,25,0,2),
(50,26,0,2),
(50,27,0,2),
(50,28,0,2),
(50,29,0,2),
(50,30,0,2),
(50,33,0,4),
(50,34,0,4),
(50,35,0,4),
(50,36,0,4),
(50,37,0,4),
(50,38,0,4),
(50,39,0,4),
(50,40,0,4),
(50,41,0,4),
(50,42,0,4),
(50,43,0,4),
(50,44,0,4),
(50,45,0,4),
(50,46,0,4),
(50,47,0,4),
(50,48,0,4),
(50,49,0,4),
(50,50,0,4),
(50,51,0,4),
(50,52,0,4),
(50,53,0,4),
(50,54,0,4),
(50,55,0,4),
(50,56,0,4),
(50,57,0,4),
(50,58,0,4),
(50,59,0,4),
(50,60,0,4),
(50,61,0,4),
(50,62,0,4),
(50,63,0,4),
(51,0,0,2),
(51,1,0,2),
(51,2,0,2),
(51,3,0,2),
(51,4,0,2),
(51,5,0,2),
(51,6,0,2),
(51,7,0,2),
(51,8,0,2),
(51,9,0,2),
(51,10,0,2),
(51,11,0,2),
(51,12,0,2),
(51,13,0,2),
(51,14,0,2),
(51,15,0,2),
(51,16,0,2),
(51,17,0,2),
(51,18,0,2),
(51,19,0,2),
(51,20,0,2),
(51,21,0,2),
(51,22,0,2),
(51,23,0,2),
(51,24,0,2),
(51,25,0,2),
(51,26,0,2),
(51,27,0,2),
(51,28,0,2),
(51,29,0,2),
(51,30,0,2),
(51,33,0,4),
(51,34,0,4),
(51,35,0,4),
(51,36,0,4),
(51,37,0,4),
(51,38,0,4),
(51,39,0,4),
(51,40,0,4),
(51,41,0,4),
(51,42,0,4),
(51,43,0,4),
(51,44,0,4),
(51,45,0,4),
(51,46,0,4),
(51,47,0,4),
(51,48,0,4),
(51,49,0,4),
(51,50,0,4),
(51,51,0,4),
(51,52,0,4),
(51,53,0,4),
(51,54,0,4),
(51,55,0,4),
(51,56,0,4),
(51,57,0,4),
(51,58,0,4),
(51,59,0,4),
(51,60,0,4),
(51,61,0,4),
(51,62,0,4),
(51,63,0,4),
(52,0,0,2),
(52,1,0,2),
(52,2,0,2),
(52,3,0,2),
(52,4,0,2),
(52,5,0,2),
(52,6,0,2),
(52,7,0,2),
(52,8,0,2),
(52,9,0,2),
(52,10,0,2),
(52,11,0,2),
(52,12,0,2),
(52,13,0,2),
(52,14,0,2),
(52,15,0,2),
(52,16,0,2),
(52,17,0,2),
(52,18,0,2),
(52,19,0,2),
(52,20,0,2),
(52,21,0,2),
(52,22,0,2),
(52,23,0,2),
(52,24,0,2),
(52,25,0,2),
(52,26,0,2),
(52,27,0,2),
(52,28,0,2),
(52,29,0,2),
(52,30,0,2),
(52,33,0,4),
(52,34,0,4),
(52,35,0,4),
(52,36,0,4),
(52,37,0,4),
(52,38,0,4),
(52,39,0,4),
(52,40,0,4),
(52,41,0,4),
(52,42,0,4),
(52,43,0,4),
(52,44,0,4),
(52,45,0,4),
(52,46,0,4),
(52,47,0,4),
(52,48,0,4),
(52,49,0,4),
(52,50,0,4),
(52,51,0,4),
(52,52,0,4),
(52,53,0,4),
(52,54,0,4),
(52,55,0,4),
(52,56,0,4),
(52,57,0,4),
(52,58,0,4),
(52,59,0,4),
(52,60,0,4),
(52,61,0,4),
(52,62,0,4),
(52,63,0,4),
(53,0,0,2),
(53,1,0,2),
(53,2,0,2),
(53,3,0,2),
(53,4,0,2),
(53,5,0,2),
(53,6,0,2),
(53,7,0,2),
(53,8,0,2),
(53,9,0,2),
(53,10,0,2),
(53,11,0,2),
(53,12,0,2),
(53,13,0,2),
(53,14,0,2),
(53,15,0,2),
(53,16,0,2),
(53,17,0,2),
(53,18,0,2),
(53,19,0,2),
(53,20,0,2),
(53,21,0,2),
(53,22,0,2),
(53,23,0,2),
(53,24,0,2),
(53,25,0,2),
(53,26,0,2),
(53,27,0,2),
(53,28,0,2),
(53,29,0,2),
(53,30,0,2),
(53,33,0,4),
(53,34,0,4),
(53,35,0,4),
(53,36,0,4),
(53,37,0,4),
(53,38,0,4),
(53,39,0,4),
(53,40,0,4),
(53,41,0,4),
(53,42,0,4),
(53,43,0,4),
(53,44,0,4),
(53,45,0,4),
(53,46,0,4),
(53,47,0,4),
(53,48,0,4),
(53,49,0,4),
(53,50,0,4),
(53,51,0,4),
(53,52,0,4),
(53,53,0,4),
(53,54,0,4),
(53,55,0,4),
(53,56,0,4),
(53,57,0,4),
(53,58,0,4),
(53,59,0,4),
(53,60,0,4),
(53,61,0,4),
(53,62,0,4),
(53,63,0,4),
(54,0,0,2),
(54,1,0,2),
(54,2,0,2),
(54,3,0,2),
(54,4,0,2),
(54,5,0,2),
(54,6,0,2),
(54,7,0,2),
(54,8,0,2),
(54,9,0,2),
(54,10,0,2),
(54,11,0,2),
(54,12,0,2),
(54,13,0,2),
(54,14,0,2),
(54,15,0,2),
(54,16,0,2),
(54,17,0,2),
(54,18,0,2),
(54,19,0,2),
(54,20,0,2),
(54,21,0,2),
(54,22,0,2),
(54,23,0,2),
(54,24,0,2),
(54,25,0,2),
(54,26,0,2),
(54,27,0,2),
(54,28,0,2),
(54,29,0,2),
(54,30,0,2),
(54,33,0,4),
(54,34,0,4),
(54,35,0,4),
(54,36,0,4),
(54,37,0,4),
(54,38,0,4),
(54,39,0,4),
(54,40,0,4),
(54,41,0,4),
(54,42,0,4),
(54,43,0,4),
(54,44,0,4),
(54,45,0,4),
(54,46,0,4),
(54,47,0,4),
(54,48,0,4),
(54,49,0,4),
(54,50,0,4),
(54,51,0,4),
(54,52,0,4),
(54,53,0,4),
(54,54,0,4),
(54,55,0,4),
(54,56,0,4),
(54,57,0,4),
(54,58,0,4),
(54,59,0,4),
(54,60,0,4),
(54,61,0,4),
(54,62,0,4),
(54,63,0,4),
(55,0,0,2),
(55,1,0,2),
(55,2,0,2),
(55,3,0,2),
(55,4,0,2),
(55,5,0,2),
(55,6,0,2),
(55,7,0,2),
(55,8,0,2),
(55,9,0,2),
(55,10,0,2),
(55,11,0,2),
(55,12,0,2),
(55,13,0,2),
(55,14,0,2),
(55,15,0,2),
(55,16,0,2),
(55,17,0,2),
(55,18,0,2),
(55,19,0,2),
(55,20,0,2),
(55,21,0,2),
(55,22,0,2),
(55,23,0,2),
(55,24,0,2),
(55,25,0,2),
(55,26,0,2),
(55,27,0,2),
(55,28,0,2),
(55,29,0,2),
(55,30,0,2),
(55,33,0,4),
(55,34,0,4),
(55,35,0,4),
(55,36,0,4),
(55,37,0,4),
(55,38,0,4),
(55,39,0,4),
(55,40,0,4),
(55,41,0,4),
(55,42,0,4),
(55,43,0,4),
(55,44,0,4),
(55,45,0,4),
(55,46,0,4),
(55,47,0,4),
(55,48,0,4),
(55,49,0,4),
(55,50,0,4),
(55,51,0,4),
(55,52,0,4),
(55,53,0,4),
(55,54,0,4),
(55,55,0,4),
(55,56,0,4),
(55,57,0,4),
(55,58,0,4),
(55,59,0,4),
(55,60,0,4),
(55,61,0,4),
(55,62,0,4),
(55,63,0,4),
(56,0,0,2),
(56,1,0,2),
(56,2,0,2),
(56,3,0,2),
(56,4,0,2),
(56,5,0,2),
(56,6,0,2),
(56,7,0,2),
(56,8,0,2),
(56,9,0,2),
(56,10,0,2),
(56,11,0,2),
(56,12,0,2),
(56,13,0,2),
(56,14,0,2),
(56,15,0,2),
(56,16,0,2),
(56,17,0,2),
(56,18,0,2),
(56,19,0,2),
(56,20,0,2),
(56,21,0,2),
(56,22,0,2),
(56,23,0,2),
(56,24,0,2),
(56,25,0,2),
(56,26,0,2),
(56,27,0,2),
(56,28,0,2),
(56,29,0,2),
(56,30,0,2),
(56,33,0,4),
(56,34,0,4),
(56,35,0,4),
(56,36,0,4),
(56,37,0,4),
(56,38,0,4),
(56,39,0,4),
(56,40,0,4),
(56,41,0,4),
(56,42,0,4),
(56,43,0,4),
(56,44,0,4),
(56,45,0,4),
(56,46,0,4),
(56,47,0,4),
(56,48,0,4),
(56,49,0,4),
(56,50,0,4),
(56,51,0,4),
(56,52,0,4),
(56,53,0,4),
(56,54,0,4),
(56,55,0,4),
(56,56,0,4),
(56,57,0,4),
(56,58,0,4),
(56,59,0,4),
(56,60,0,4),
(56,61,0,4),
(56,62,0,4),
(56,63,0,4),
(57,0,0,2),
(57,1,0,2),
(57,2,0,2),
(57,3,0,2),
(57,4,0,2),
(57,5,0,2),
(57,6,0,2),
(57,7,0,2),
(57,8,0,2),
(57,9,0,2),
(57,10,0,2),
(57,11,0,2),
(57,12,0,2),
(57,13,0,2),
(57,14,0,2),
(57,15,0,2),
(57,16,0,2),
(57,17,0,2),
(57,18,0,2),
(57,19,0,2),
(57,20,0,2),
(57,21,0,2),
(57,22,0,2),
(57,23,0,2),
(57,24,0,2),
(57,25,0,2),
(57,26,0,2),
(57,27,0,2),
(57,28,0,2),
(57,29,0,2),
(57,30,0,2),
(57,33,0,4),
(57,34,0,4),
(57,35,0,4),
(57,36,0,4),
(57,37,0,4),
(57,38,0,4),
(57,39,0,4),
(57,40,0,4),
(57,41,0,4),
(57,42,0,4),
(57,43,0,4),
(57,44,0,4),
(57,45,0,4),
(57,46,0,4),
(57,47,0,4),
(57,48,0,4),
(57,49,0,4),
(57,50,0,4),
(57,51,0,4),
(57,52,0,4),
(57,53,0,4),
(57,54,0,4),
(57,55,0,4),
(57,56,0,4),
(57,57,0,4),
(57,58,0,4),
(57,59,0,4),
(57,60,0,4),
(57,61,0,4),
(57,62,0,4),
(57,63,0,4),
(58,0,0,2),
(58,1,0,2),
(58,2,0,2),
(58,3,0,2),
(58,4,0,2),
(58,5,0,2),
(58,6,0,2),
(58,7,0,2),
(58,8,0,2),
(58,9,0,2),
(58,10,0,2),
(58,11,0,2),
(58,12,0,2),
(58,13,0,2),
(58,14,0,2),
(58,15,0,2),
(58,16,0,2),
(58,17,0,2),
(58,18,0,2),
(58,19,0,2),
(58,20,0,2),
(58,21,0,2),
(58,22,0,2),
(58,23,0,2),
(58,24,0,2),
(58,25,0,2),
(58,26,0,2),
(58,27,0,2),
(58,28,0,2),
(58,29,0,2),
(58,30,0,2),
(58,33,0,4),
(58,34,0,4),
(58,35,0,4),
(58,36,0,4),
(58,37,0,4),
(58,38,0,4),
(58,39,0,4),
(58,40,0,4),
(58,41,0,4),
(58,42,0,4),
(58,43,0,4),
(58,44,0,4),
(58,45,0,4),
(58,46,0,4),
(58,47,0,4),
(58,48,0,4),
(58,49,0,4),
(58,50,0,4),
(58,51,0,4),
(58,52,0,4),
(58,53,0,4),
(58,54,0,4),
(58,55,0,4),
(58,56,0,4),
(58,57,0,4),
(58,58,0,4),
(58,59,0,4),
(58,60,0,4),
(58,61,0,4),
(58,62,0,4),
(58,63,0,4),
(59,0,0,2),
(59,1,0,2),
(59,2,0,2),
(59,3,0,2),
(59,4,0,2),
(59,5,0,2),
(59,6,0,2),
(59,7,0,2),
(59,8,0,2),
(59,9,0,2),
(59,10,0,2),
(59,11,0,2),
(59,12,0,2),
(59,13,0,2),
(59,14,0,2),
(59,15,0,2),
(59,16,0,2),
(59,17,0,2),
(59,18,0,2),
(59,19,0,2),
(59,20,0,2),
(59,21,0,2),
(59,22,0,2),
(59,23,0,2),
(59,24,0,2),
(59,25,0,2),
(59,26,0,2),
(59,27,0,2),
(59,28,0,2),
(59,29,0,2),
(59,30,0,2),
(59,33,0,4),
(59,34,0,4),
(59,35,0,4),
(59,36,0,4),
(59,37,0,4),
(59,38,0,4),
(59,39,0,4),
(59,40,0,4),
(59,41,0,4),
(59,42,0,4),
(59,43,0,4),
(59,44,0,4),
(59,45,0,4),
(59,46,0,4),
(59,47,0,4),
(59,48,0,4),
(59,49,0,4),
(59,50,0,4),
(59,51,0,4),
(59,52,0,4),
(59,53,0,4),
(59,54,0,4),
(59,55,0,4),
(59,56,0,4),
(59,57,0,4),
(59,58,0,4),
(59,59,0,4),
(59,60,0,4),
(59,61,0,4),
(59,62,0,4),
(59,63,0,4),
(60,0,0,2),
(60,1,0,2),
(60,2,0,2),
(60,3,0,2),
(60,4,0,2),
(60,5,0,2),
(60,6,0,2),
(60,7,0,2),
(60,8,0,2),
(60,9,0,2),
(60,10,0,2),
(60,11,0,2),
(60,12,0,2),
(60,13,0,2),
(60,14,0,2),
(60,15,0,2),
(60,16,0,2),
(60,17,0,2),
(60,18,0,2),
(60,19,0,2),
(60,20,0,2),
(60,21,0,2),
(60,22,0,2),
(60,23,0,2),
(60,24,0,2),
(60,25,0,2),
(60,26,0,2),
(60,27,0,2),
(60,28,0,2),
(60,29,0,2),
(60,30,0,2),
(60,33,0,4),
(60,34,0,4),
(60,35,0,4),
(60,36,0,4),
(60,37,0,4),
(60,38,0,4),
(60,39,0,4),
(60,40,0,4),
(60,41,0,4),
(60,42,0,4),
(60,43,0,4),
(60,44,0,4),
(60,45,0,4),
(60,46,0,4),
(60,47,0,4),
(60,48,0,4),
(60,49,0,4),
(60,50,0,4),
(60,51,0,4),
(60,52,0,4),
(60,53,0,4),
(60,54,0,4),
(60,55,0,4),
(60,56,0,4),
(60,57,0,4),
(60,58,0,4),
(60,59,0,4),
(60,60,0,4),
(60,61,0,4),
(60,62,0,4),
(60,63,0,4),
(61,0,0,2),
(61,1,0,2),
(61,2,0,2),
(61,3,0,2),
(61,4,0,2),
(61,5,0,2),
(61,6,0,2),
(61,7,0,2),
(61,8,0,2),
(61,9,0,2),
(61,10,0,2),
(61,11,0,2),
(61,12,0,2),
(61,13,0,2),
(61,14,0,2),
(61,15,0,2),
(61,16,0,2),
(61,17,0,2),
(61,18,0,2),
(61,19,0,2),
(61,20,0,2),
(61,21,0,2),
(61,22,0,2),
(61,23,0,2),
(61,24,0,2),
(61,25,0,2),
(61,26,0,2),
(61,27,0,2),
(61,28,0,2),
(61,29,0,2),
(61,30,0,2),
(61,33,0,4),
(61,34,0,4),
(61,35,0,4),
(61,36,0,4),
(61,37,0,4),
(61,38,0,4),
(61,39,0,4),
(61,40,0,4),
(61,41,0,4),
(61,42,0,4),
(61,43,0,4),
(61,44,0,4),
(61,45,0,4),
(61,46,0,4),
(61,47,0,4),
(61,48,0,4),
(61,49,0,4),
(61,50,0,4),
(61,51,0,4),
(61,52,0,4),
(61,53,0,4),
(61,54,0,4),
(61,55,0,4),
(61,56,0,4),
(61,57,0,4),
(61,58,0,4),
(61,59,0,4),
(61,60,0,4),
(61,61,0,4),
(61,62,0,4),
(61,63,0,4),
(62,0,0,2),
(62,1,0,2),
(62,2,0,2),
(62,3,0,2),
(62,4,0,2),
(62,5,0,2),
(62,6,0,2),
(62,7,0,2),
(62,8,0,2),
(62,9,0,2),
(62,10,0,2),
(62,11,0,2),
(62,12,0,2),
(62,13,0,2),
(62,14,0,2),
(62,15,0,2),
(62,16,0,2),
(62,17,0,2),
(62,18,0,2),
(62,19,0,2),
(62,20,0,2),
(62,21,0,2),
(62,22,0,2),
(62,23,0,2),
(62,24,0,2),
(62,25,0,2),
(62,26,0,2),
(62,27,0,2),
(62,28,0,2),
(62,29,0,2),
(62,30,0,2),
(62,33,0,4),
(62,34,0,4),
(62,35,0,4),
(62,36,0,4),
(62,37,0,4),
(62,38,0,4),
(62,39,0,4),
(62,40,0,4),
(62,41,0,4),
(62,42,0,4),
(62,43,0,4),
(62,44,0,4),
(62,45,0,4),
(62,46,0,4),
(62,47,0,4),
(62,48,0,4),
(62,49,0,4),
(62,50,0,4),
(62,51,0,4),
(62,52,0,4),
(62,53,0,4),
(62,54,0,4),
(62,55,0,4),
(62,56,0,4),
(62,57,0,4),
(62,58,0,4),
(62,59,0,4),
(62,60,0,4),
(62,61,0,4),
(62,62,0,4),
(62,63,0,4),
(63,0,0,2),
(63,1,0,2),
(63,2,0,2),
(63,3,0,2),
(63,4,0,2),
(63,5,0,2),
(63,6,0,2),
(63,7,0,2),
(63,8,0,2),
(63,9,0,2),
(63,10,0,2),
(63,11,0,2),
(63,12,0,2),
(63,13,0,2),
(63,14,0,2),
(63,15,0,2),
(63,16,0,2),
(63,17,0,2),
(63,18,0,2),
(63,19,0,2),
(63,20,0,2),
(63,21,0,2),
(63,22,0,2),
(63,23,0,2),
(63,24,0,2),
(63,25,0,2),
(63,26,0,2),
(63,27,0,2),
(63,28,0,2),
(63,29,0,2),
(63,30,0,2),
(63,33,0,4),
(63,34,0,4),
(63,35,0,4),
(63,36,0,4),
(63,37,0,4),
(63,38,0,4),
(63,39,0,4),
(63,40,0,4),
(63,41,0,4),
(63,42,0,4),
(63,43,0,4),
(63,44,0,4),
(63,45,0,4),
(63,46,0,4),
(63,47,0,4),
(63,48,0,4),
(63,49,0,4),
(63,50,0,4),
(63,51,0,4),
(63,52,0,4),
(63,53,0,4),
(63,54,0,4),
(63,55,0,4),
(63,56,0,4),
(63,57,0,4),
(63,58,0,4),
(63,59,0,4),
(63,60,0,4),
(63,61,0,4),
(63,62,0,4),
(63,63,0,4);


INSERT INTO conta (id, senha, vip_dias, email, nome, localidade, banimento, data_de_criacao, data_de_aniversario, genero) VALUES
(1, '12345678' , 0, 'lucas.araujo@email.com', 'Lucas Araujo', 'Brasil', DEFAULT, '07/26/2022', '02/18/1990' , 'Masculino'),
(2, '87654321' , 0, 'felipe.souza@email.com', 'Felipe Souza', 'Brasil', DEFAULT, '07/26/2022', '05/21/1991' , 'Masculino'), 
(3, '741852' , 30, 'jose.pedro@email.com', 'José Pedro', 'Brasil', DEFAULT, '07/27/2022', '03/11/1991' , 'Masculino'), 
(4, '369258' , 0, 'fernanda.oliveira@email.com', 'Fernanda Oliveira', 'Brasil', DEFAULT, '07/27/2022', '11/22/1992' , 'Feminino'), 
(5, '1592648' , 0, 'mariana.silva@email.com', 'Mariana Silva', 'Brasil', DEFAULT, '07/28/2022', '01/26/1992' , 'Feminino'), 
(6, '951847623' , 30, 'larrisa.cristina@email.com', 'Larrisa Cristina', 'Brasil', DEFAULT, '07/28/2022', '02/01/1991' , 'Feminino');

INSERT INTO personagem (tipo, id) VALUES
('player', '1'),
('player', '2'),
('player', '3'),
('player', '4'),
('player', '5'),
('player', '6'),
('criatura', '7'), 
('criatura', '8'), 
('criatura', '9'), 
('criatura', '10'), 
('criatura', '11'), 
('criatura', '12'), 
('criatura', '13'), 
('criatura', '14'), 
('criatura', '15'), 
('criatura', '16'), 
('criatura', '17'), 
('criatura', '18'),
('criatura', '19'),
('criatura', '20'),
('criatura', '21'),
('npc', '22'), 
('npc', '23'), 
('npc', '24'), 
('npc', '25'),
('npc', '26');  


INSERT INTO player (id, nome, vocacao, vida_maxima, vida_atual, mana_maxima, mana_atual, genero, experiencia, data_de_criacao, id_conta, id_localizacao, riqueza) VALUES
(1, 'Druid Lcs', 'druida', 100, 100, 200, 200, 'masculino', 0, '07/25/2022', 1, 1, 0),
(2, 'Fer Cavaleiro', 'cavaleiro', 150, 150, 100, 100, 'masculino', 0, '07/25/2022', 2, 24, 0),
(3, 'Paladino Jose', 'paladino', 130, 130, 130, 130, 'masculino', 0, '07/25/2022', 3, 49, 0),
(4, 'Feiticeira Fer', 'feiticeiro', 100, 100, 200, 200, 'feminino', 0, '07/25/2022', 4, 74, 0),
(5, 'Mariana Cavaleira', 'cavaleiro', 150, 150, 100, 100, 'feminino', 0, '07/25/2022', 5, 99, 0),
(6, 'Larrissa Druida', 'druida', 100, 100, 200, 200, 'feminino', 0, '07/25/2022', 6, 125, 0);


INSERT INTO npc (id, nome, tipo, id_localizacao) VALUES
(22, 'Rashid', 'comerciante', 3),	
(23, 'Vega', 'comerciante', 28),	
(24, 'Travora', 'comerciante', 53),	
(25, 'Yasir', 'guia', 78),	
(26, 'Ashtamor', 'guia', 103);

INSERT INTO criatura (nome, ataque, vida, experiencia, defesa, tipo, id, id_localizacao) VALUES
('Bat', 5, 30, 10, 8, 'mamiferos', 7, 5),
('Bear', 12, 80, 23, 10, 'mamiferos', 8, 30),
('Deer', 3, 24, 1, 6, 'mamiferos', 9, 55),
('Elephant', 16, 320, 160, 15, 'mamiferos', 10, 80),
('Gloom Wolf', 10, 200, 70, 9, 'mamiferos', 11, 105),
('Lion', 13, 80, 30, 9, 'mamiferos', 12, 6),
('Mammoth', 20, 320, 160, 17, 'mamiferos', 13, 31),
('Polar Bear', 13, 85, 28, 11, 'mamiferos', 14, 56),
('Tiger', 10, 75, 40, 10, 'mamiferos', 15, 81),
('White Lion', 140, 2700, 2300, 120, 'mamiferos', 16, 106),
('Winter Wolf', 12, 30, 20, 10, 'mamiferos', 17, 7),
('Yeti', 100, 950, 460, 95, 'mamiferos', 18, 32),
('Parder', 200, 950, 2900, 180, 'mamiferos', 19, 56),
('Water Buffalo', 15, 390, 20, 15, 'mamiferos', 20, 81),
('Badger', 2, 23, 5, 5, 'mamiferos', 21, 106);

INSERT INTO item (id, tipo) VALUES
(1, 'armas'),
(2, 'equipamento'),
(3, 'mochila'),
(4, 'riqueza');

INSERT INTO item (tipo) VALUES
('armas'),
('armas'),
('armas'),
('armas'),
('armas'),
('armas'),
('armas'),
('armas'),
('armas'),
('armas'),
('armas'),
('armas'),
('armas');

INSERT INTO item (tipo) VALUES
('mochila'),
('mochila'),
('mochila'),
('mochila');

INSERT INTO item (tipo) VALUES
('equipamento'),
('equipamento'),
('equipamento'),
('equipamento'),
('equipamento'),
('equipamento'),
('equipamento'),
('equipamento'),
('equipamento'),
('equipamento'),
('equipamento'),
('equipamento'),
('equipamento'),
('equipamento'),
('equipamento'),
('equipamento'),
('equipamento'),
('equipamento'),
('equipamento'),
('equipamento');

INSERT INTO item (tipo) VALUES
('riqueza');

SELECT  armas.id, tipo, nome, ataque, defesa, vocacao, min_level, bonus, descricao, peso FROM item INNER JOIN armas ON item.id = armas.id;

INSERT INTO armas (id, nome, ataque, defesa, vocacao, min_level, bonus, descricao , peso) VALUES
(1, 'Axe', 12, 6, 'none', 0, 0,'Vocês está vendo Axe. Peso 40.', 40),
(5, 'Battle Axe', 25, 10, 'none', 0, 0,'Vocês está vendo Battle Axe. Peso 50.', 50),
(6, 'Daramian Axe', 17, 8, 'none', 0, 0,'Vocês está vendo Daramian Axe. Peso 41.', 41),
(7, 'Golden Axe', 10, 5, 'none', 0, 0,'Vocês está vendo Golden Axe. Peso 20.', 20),
(8, 'Hand Axe', 10, 5, 'none', 0, 0,'Vocês está vendo Hand Axe. Peso 18.', 18),

(9, 'Bone Sword', 13, 10, 'none', 0, 0,'Vocês está vendo Bone Sword. Peso 19.', 19),
(10, 'Carlin Sword', 15, 13, 'none', 0, 0,'Vocês está vendo Carlin Sword. Peso 40.', 40),
(11, 'Combat Knife', 8, 6, 'none', 0, 0,'Vocês está vendo Combat Knife. Peso 9.', 9),
(12, 'Broadsword', 26, 23, 'none', 0, 0,'Vocês está vendo Broadsword. Peso 52.', 52),
(13, 'Dagger', 8, 6, 'none', 0, 0,'Vocês está vendo Dagger. Peso 9.', 9),

(14, 'Assassin Star', 65, 0, 'none', 0, 0,'Vocês está vendo Assassin Star. Peso 2.', 2),
(15, 'Enchanted Spear', 38, 0, 'none', 0, 0,'Vocês está vendo Enchanted Spear. Peso 20.', 20),
(16, 'Glooth Spear', 55, 0, 'none', 0, 0,'Vocês está vendo Glooth Spear. Peso 26.', 26),
(17, 'Hunting Spear', 32, 0, 'none', 0, 0,'Vocês está vendo Hunting Spear. Peso 22.', 22),
(18, 'Small Stone', 5, 0, 'none', 0, 0,'Vocês está vendo Small Stone. Peso 9.', 9);

SELECT  mochila.id, tipo, nome, capacidade, min_level, descricao, peso FROM item INNER JOIN mochila ON item.id = mochila.id;


INSERT INTO mochila (id, nome, capacidade, min_level, descricao, peso) VALUES
(3, 'Bag', 100, 0, 'Vocês está vendo Bag. Peso 8.', 8),
(19, 'Beach Bag', 100, 0, 'Vocês está vendo Beach Bag. Peso 8.', 8),
(20, 'Golden Bag', 100, 0, 'Vocês está vendo Golden Bag. Peso 8.', 8),
(21, 'Backpack', 300, 0, 'Vocês está vendo Backpack. Peso 18.', 18),
(22, 'Beach Backpack', 300, 0, 'Vocês está vendo Beach Backpack. Peso 18.', 18);


SELECT  riqueza.id, tipo, nome, quantidade, min_level, bonus, descricao, peso FROM item INNER JOIN riqueza ON item.id = riqueza.id;

INSERT INTO riqueza (id, nome, aumento, min_level, descricao, peso, valor) VALUES
(4, 'Gold Coin', 1, 0, 'Vocês está vendo Gold Coin. Peso 1.', 1, 1);

SELECT equipamento.id, tipo, nome, vocacao, min_level, bonus, descricao , peso, defesa, pch FROM item INNER JOIN equipamento ON item.id = equipamento.id;


INSERT INTO equipamento (id, nome, vocacao, min_level, bonus, descricao , peso, defesa, pch) VALUES
(2, 'Amazon Helmet', 'none', 0, 0, 'Você está vendo Amazon Helmet. Peso  29.', 29, 7, 'cabeca'),
(23, 'Ancient Tiara', 'none', 0, 0, 'Você está vendo Ancient Tiara. Peso  8.', 8, 0, 'cabeca'),
(24, 'Bandana', 'none', 0, 0, 'Você está vendo Bandana. Peso  8.', 8, 1, 'cabeca'),
(25, 'Blue Spectacles', 'none', 0, 0, 'Você está vendo Blue Spectacles. Peso  2.', 2, 0, 'cabeca'),
(26, 'Bonelord Helmet', 'none', 0, 0, 'Você está vendo Bonelord Helmet. Peso  46.', 46, 2, 'cabeca'),
(27, 'Brass Helmet', 'none', 0, 0, 'Você está vendo Brass Helmet. Peso  27.', 27, 3, 'cabeca'),

(28, 'Albino Plate', 'none', 0, 0, 'Você está vendo Albino Plate. Peso  84.', 84, 11, 'corpo'),
(29, 'Ball Gown', 'none', 0, 0, 'Você está vendo Ball Gown. Peso  25.', 25, 0, 'corpo'),
(30, 'Belted Cape', 'none', 0, 0, 'Você está vendo Belted Cape. Peso  35.', 35, 10, 'corpo'),
(31, 'Blue Robe', 'none', 0, 0, 'Você está vendo Blue Robe. Peso  22.', 22, 11, 'corpo'),
(32, 'Brass Armor', 'none', 0, 0, 'Você está vendo Brass Armor. Peso  80.', 80, 8, 'corpo'),

(33, 'Bast Skirt', 'none', 0, 0, 'Você está vendo Bast Skirt. Peso  0.', 0, 3, 'pernas'),
(34, 'Blue Legs', 'none', 0, 0, 'Você está vendo Blue Legs. Peso  18.', 18, 8, 'pernas'),
(35, 'Brass Legs', 'none', 0, 0, 'Você está vendo Brass Legs. Peso  38.', 38, 5, 'pernas'),
(36, 'Chain Legs', 'none', 0, 0, 'Você está vendo Blue Spectacles. Peso  35.', 35, 3, 'pernas'),
(37, 'Chocolatey Dragon Scale Legs', 'none', 0, 0, 'Você está vendo Chocolatey Dragon Scale Legs. Peso  18.', 18, 2, 'pernas'),

(38, 'Crocodile Boots', 'none', 0, 0, 'Você está vendo Crocodile Boots. Peso  9.', 9, 1, 'pes'),
(39, 'Leather Boots', 'none', 0, 0, 'Você está vendo Ball Gown. Peso  9.', 9, 1, 'pes'),
(40, 'Metal Spats', 'none', 0, 0, 'Você está vendo Belted Cape. Peso  18.', 18, 1, 'pes'),
(41, 'Zaoan Shoes', 'none', 0, 0, 'Você está vendo Blue Robe. Peso  7.', 7, 1, 'pes'),
(42, 'Badger Boots', 'none', 0, 0, 'Você está vendo Brass Armor. Peso  12.', 12, 1, 'pes');


INSERT INTO instancia_item (id_item) VALUES
(1), 
(1), 
(1), 
(1), 
(1), 
(1), 
(21), 
(21), 
(21), 
(21), 
(21), 
(21),
(2);

INSERT INTO instancia_criatura (id_criatura) VALUES
(7), (8), (9), (10), (11), (12), (13), (14), (15), (16), (17), (18), (19), (20), (21);


INSERT INTO inventario (look_corpo, look_cabeca, look_pernas, look_pes, look_costas, mao_dir, mao_esq, fonte_de_luz, capacidade, id_player, riqueza) VALUES
(null, null, null, null, 7, 1, null, null, 410, 1, 0),
(null, null, null, null, 8, 2, null, null, 410, 2, 30),
(null, null, null, null, 9, 3, null, null, 410, 3, 50),
(null, null, null, null, 10, 4, null, null, 410, 4, 2000),
(null, null, null, null, 11, 5, null, null, 410, 5, 5000),
(null, null, null, null, 12, 6, null, null, 410, 6, 1000);



INSERT INTO habilidades (id_player, velocidade, dano_a_distancia, dano_de_combate, capacidade, defesa_total, nivel_magia, nivel_espada, nivel_machado, nivel_defesa, nivel_punhos, nivel_porrete, nivel_armas_de_dist) VALUES
(1, 110, 5, 5, 10, 10, 1, 10, 10, 10, 10, 10, 10),
(2, 110, 5, 5, 10, 10, 1, 10, 10, 10, 10, 10, 10),
(3, 110, 5, 5, 10, 10, 1, 10, 10, 10, 10, 10, 10),
(4, 110, 5, 5, 10, 10, 1, 10, 10, 10, 10, 10, 10),
(5, 110, 5, 5, 10, 10, 1, 10, 10, 10, 10, 10, 10),
(6, 110, 5, 5, 10, 10, 1, 10, 10, 10, 10, 10, 10);


INSERT INTO guilda (nome, descricao, capacidade, data_de_criacao, id_dono) VALUES
('Brs', 'Guilda montada para jogadores brasileiros', '20', '06/30/2022', 1);

INSERT INTO npc_carrega_instancia_item (id_npc, id_instancia_item) VALUES
(22, 14),
(22, 15),
(22, 16),
(22, 17);

-- ALTER TABLE armas ADD COLUMN preco bigint DEFAULT NULL;

-- ALTER TABLE equipamento ADD COLUMN preco bigint DEFAULT NULL;

-- ALTER TABLE mochila ADD COLUMN preco bigint DEFAULT NULL;

-- ALTER TABLE riqueza ADD COLUMN preco bigint DEFAULT NULL;

-- ALTER TABLE equipamento ADD COLUMN preco bigint DEFAULT NULL;

UPDATE mochila SET preco = 4 WHERE nome = 'Bag';
UPDATE mochila SET preco = 4 WHERE nome = 'Beach Bag';
UPDATE mochila SET preco = 4 WHERE nome = 'Golden Bag';
UPDATE mochila SET preco = 20 WHERE nome = 'Backpack';
UPDATE mochila SET preco = 20 WHERE nome = 'Beach Backpack';


UPDATE armas SET preco = 7 WHERE nome = 'Axe';
UPDATE armas SET preco = 80 WHERE nome = 'Battle Axe';
UPDATE armas SET preco = 100 WHERE nome = 'Daramian Axe';
UPDATE armas SET preco = 50 WHERE nome = 'Golden Axe';
UPDATE armas SET preco = 4 WHERE nome = 'Hand Axe';

UPDATE armas SET preco = 20 WHERE nome = 'Bone Sword';
UPDATE armas SET preco = 118 WHERE nome = 'Carlin Sword';
UPDATE armas SET preco = 1 WHERE nome = 'Combat Knife';
UPDATE armas SET preco = 500 WHERE nome = 'Broadsword';
UPDATE armas SET preco = 2 WHERE nome = 'Dagger';

UPDATE armas SET preco = 100 WHERE nome = 'Assassin Star';
UPDATE armas SET preco = 120 WHERE nome = 'Enchanted Spear';
UPDATE armas SET preco = 110 WHERE nome = 'Glooth Spear';
UPDATE armas SET preco = 25 WHERE nome = 'Hunting Spear';
UPDATE armas SET preco = 25 WHERE nome = 'Small Stone';

UPDATE equipamento SET preco = 1500 WHERE nome = 'Amazon Helmet';
UPDATE equipamento SET preco = 400 WHERE nome = 'Ancient Tiara';
UPDATE equipamento SET preco = 150 WHERE nome = 'Bandana';
UPDATE equipamento SET preco = 100 WHERE nome = 'Blue Spectacles';
UPDATE equipamento SET preco = 7500 WHERE nome = 'Bonelord Helmet';
UPDATE equipamento SET preco = 22 WHERE nome = 'Brass Helmet';
UPDATE equipamento SET preco = 1500 WHERE nome = 'Albino Plate';
UPDATE equipamento SET preco = 60 WHERE nome = 'Ball Gown';
UPDATE equipamento SET preco = 500 WHERE nome = 'Belted Cape';
UPDATE equipamento SET preco = 10000 WHERE nome = 'Blue Robe';
UPDATE equipamento SET preco = 450 WHERE nome = 'Brass Armor';
UPDATE equipamento SET preco = 750 WHERE nome = 'Bast Skirt';
UPDATE equipamento SET preco = 15000 WHERE nome = 'Blue Legs';
UPDATE equipamento SET preco = 195 WHERE nome = 'Brass Legs';
UPDATE equipamento SET preco = 80 WHERE nome = 'Chain Legs';
UPDATE equipamento SET preco = 1500 WHERE nome = 'Chocolatey Dragon Scale Legs';
UPDATE equipamento SET preco = 1000 WHERE nome = 'Crocodile Boots';
UPDATE equipamento SET preco = 2 WHERE nome = 'Leather Boots';
UPDATE equipamento SET preco = 2000 WHERE nome = 'Metal Spats';
UPDATE equipamento SET preco = 5000 WHERE nome = 'Zaoan Shoes';
UPDATE equipamento SET preco = 7500 WHERE nome = 'Badger Boots';

