INSERT INTO mapa (id, nome) VALUES (1, 'Azeroth');

INSERT INTO regiao (id, id_mapa, nome, vip_check) VALUES 
(1, 1, 'Outlaw Camp', DEFAULT), 
(2, 1, 'Helhaim', true),
(3, 1, 'Draconia', DEFAULT),
(4, 1, 'Jakundaf Desert', true),
(5, 1, 'NoWhere', DEFAULT); 

INSERT INTO localizacao (id, posicao_x, posicao_y, posicao_z, id_regiao) VALUES 
(1,0,0,0,1),
(2,0,1,0,1),
(3,0,2,0,1),
(4,0,3,0,1),
(5,0,4,0,1),
(6,0,5,0,1),
(7,0,6,0,1),
(8,0,7,0,1),
(9,0,8,0,1),
(10,0,9,0,1),
(11,0,10,0,1),
(12,0,11,0,1),
(13,0,12,0,1),
(14,0,13,0,1),
(15,0,14,0,1),
(16,0,15,0,1),
(17,0,16,0,1),
(18,0,17,0,1),
(19,0,18,0,1),
(20,0,19,0,1),
(21,0,20,0,1),
(22,0,21,0,1),
(23,0,22,0,1),
(24,0,23,0,1),
(25,0,24,0,1),
(26,0,25,0,1),
(27,0,26,0,1),
(28,0,27,0,1),
(29,0,28,0,1),
(30,0,29,0,1),
(31,0,30,0,1),
(32,1,0,0,1),
(33,1,1,0,1),
(34,1,2,0,1),
(35,1,3,0,1),
(36,1,4,0,1),
(37,1,5,0,1),
(38,1,6,0,1),
(39,1,7,0,1),
(40,1,8,0,1),
(41,1,9,0,1),
(42,1,10,0,1),
(43,1,11,0,1),
(44,1,12,0,1),
(45,1,13,0,1),
(46,1,14,0,1),
(47,1,15,0,1),
(48,1,16,0,1),
(49,1,17,0,1),
(50,1,18,0,1),
(51,1,19,0,1),
(52,1,20,0,1),
(53,1,21,0,1),
(54,1,22,0,1),
(55,1,23,0,1),
(56,1,24,0,1),
(57,1,25,0,1),
(58,1,26,0,1),
(59,1,27,0,1),
(60,1,28,0,1),
(61,1,29,0,1),
(62,1,30,0,1),
(63,2,0,0,1),
(64,2,1,0,1),
(65,2,2,0,1),
(66,2,3,0,1),
(67,2,4,0,1),
(68,2,5,0,1),
(69,2,6,0,1),
(70,2,7,0,1),
(71,2,8,0,1),
(72,2,9,0,1),
(73,2,10,0,1),
(74,2,11,0,1),
(75,2,12,0,1),
(76,2,13,0,1),
(77,2,14,0,1),
(78,2,15,0,1),
(79,2,16,0,1),
(80,2,17,0,1),
(81,2,18,0,1),
(82,2,19,0,1),
(83,2,20,0,1),
(84,2,21,0,1),
(85,2,22,0,1),
(86,2,23,0,1),
(87,2,24,0,1),
(88,2,25,0,1),
(89,2,26,0,1),
(90,2,27,0,1),
(91,2,28,0,1),
(92,2,29,0,1),
(93,2,30,0,1),
(94,3,0,0,1),
(95,3,1,0,1),
(96,3,2,0,1),
(97,3,3,0,1),
(98,3,4,0,1),
(99,3,5,0,1),
(100,3,6,0,1),
(101,3,7,0,1),
(102,3,8,0,1),
(103,3,9,0,1),
(104,3,10,0,1),
(105,3,11,0,1),
(106,3,12,0,1),
(107,3,13,0,1),
(108,3,14,0,1),
(109,3,15,0,1),
(110,3,16,0,1),
(111,3,17,0,1),
(112,3,18,0,1),
(113,3,19,0,1),
(114,3,20,0,1),
(115,3,21,0,1),
(116,3,22,0,1),
(117,3,23,0,1),
(118,3,24,0,1),
(119,3,25,0,1),
(120,3,26,0,1),
(121,3,27,0,1),
(122,3,28,0,1),
(123,3,29,0,1),
(124,3,30,0,1),
(125,4,0,0,1),
(126,4,1,0,1),
(127,4,2,0,1),
(128,4,3,0,1),
(129,4,4,0,1),
(130,4,5,0,1),
(131,4,6,0,1),
(132,4,7,0,1),
(133,4,8,0,1),
(134,4,9,0,1),
(135,4,10,0,1),
(136,4,11,0,1),
(137,4,12,0,1),
(138,4,13,0,1),
(139,4,14,0,1),
(140,4,15,0,1),
(141,4,16,0,1),
(142,4,17,0,1),
(143,4,18,0,1),
(144,4,19,0,1),
(145,4,20,0,1),
(146,4,21,0,1),
(147,4,22,0,1),
(148,4,23,0,1),
(149,4,24,0,1),
(150,4,25,0,1),
(151,4,26,0,1),
(152,4,27,0,1),
(153,4,28,0,1),
(154,4,29,0,1),
(155,4,30,0,1),
(156,5,0,0,1),
(157,5,1,0,1),
(158,5,2,0,1),
(159,5,3,0,1),
(160,5,4,0,1),
(161,5,5,0,1),
(162,5,6,0,1),
(163,5,7,0,1),
(164,5,8,0,1),
(165,5,9,0,1),
(166,5,10,0,1),
(167,5,11,0,1),
(168,5,12,0,1),
(169,5,13,0,1),
(170,5,14,0,1),
(171,5,15,0,1),
(172,5,16,0,1),
(173,5,17,0,1),
(174,5,18,0,1),
(175,5,19,0,1),
(176,5,20,0,1),
(177,5,21,0,1),
(178,5,22,0,1),
(179,5,23,0,1),
(180,5,24,0,1),
(181,5,25,0,1),
(182,5,26,0,1),
(183,5,27,0,1),
(184,5,28,0,1),
(185,5,29,0,1),
(186,5,30,0,1),
(187,6,0,0,1),
(188,6,1,0,1),
(189,6,2,0,1),
(190,6,3,0,1),
(191,6,4,0,1),
(192,6,5,0,1),
(193,6,6,0,1),
(194,6,7,0,1),
(195,6,8,0,1),
(196,6,9,0,1),
(197,6,10,0,1),
(198,6,11,0,1),
(199,6,12,0,1),
(200,6,13,0,1),
(201,6,14,0,1),
(202,6,15,0,1),
(203,6,16,0,1),
(204,6,17,0,1),
(205,6,18,0,1),
(206,6,19,0,1),
(207,6,20,0,1),
(208,6,21,0,1),
(209,6,22,0,1),
(210,6,23,0,1),
(211,6,24,0,1),
(212,6,25,0,1),
(213,6,26,0,1),
(214,6,27,0,1),
(215,6,28,0,1),
(216,6,29,0,1),
(217,6,30,0,1),
(218,7,0,0,1),
(219,7,1,0,1),
(220,7,2,0,1),
(221,7,3,0,1),
(222,7,4,0,1),
(223,7,5,0,1),
(224,7,6,0,1),
(225,7,7,0,1),
(226,7,8,0,1),
(227,7,9,0,1),
(228,7,10,0,1),
(229,7,11,0,1),
(230,7,12,0,1),
(231,7,13,0,1),
(232,7,14,0,1),
(233,7,15,0,1),
(234,7,16,0,1),
(235,7,17,0,1),
(236,7,18,0,1),
(237,7,19,0,1),
(238,7,20,0,1),
(239,7,21,0,1),
(240,7,22,0,1),
(241,7,23,0,1),
(242,7,24,0,1),
(243,7,25,0,1),
(244,7,26,0,1),
(245,7,27,0,1),
(246,7,28,0,1),
(247,7,29,0,1),
(248,7,30,0,1),
(249,8,0,0,1),
(250,8,1,0,1),
(251,8,2,0,1),
(252,8,3,0,1),
(253,8,4,0,1),
(254,8,5,0,1),
(255,8,6,0,1),
(256,8,7,0,1),
(257,8,8,0,1),
(258,8,9,0,1),
(259,8,10,0,1),
(260,8,11,0,1),
(261,8,12,0,1),
(262,8,13,0,1),
(263,8,14,0,1),
(264,8,15,0,1),
(265,8,16,0,1),
(266,8,17,0,1),
(267,8,18,0,1),
(268,8,19,0,1),
(269,8,20,0,1),
(270,8,21,0,1),
(271,8,22,0,1),
(272,8,23,0,1),
(273,8,24,0,1),
(274,8,25,0,1),
(275,8,26,0,1),
(276,8,27,0,1),
(277,8,28,0,1),
(278,8,29,0,1),
(279,8,30,0,1),
(280,9,0,0,1),
(281,9,1,0,1),
(282,9,2,0,1),
(283,9,3,0,1),
(284,9,4,0,1),
(285,9,5,0,1),
(286,9,6,0,1),
(287,9,7,0,1),
(288,9,8,0,1),
(289,9,9,0,1),
(290,9,10,0,1),
(291,9,11,0,1),
(292,9,12,0,1),
(293,9,13,0,1),
(294,9,14,0,1),
(295,9,15,0,1),
(296,9,16,0,1),
(297,9,17,0,1),
(298,9,18,0,1),
(299,9,19,0,1),
(300,9,20,0,1),
(301,9,21,0,1),
(302,9,22,0,1),
(303,9,23,0,1),
(304,9,24,0,1),
(305,9,25,0,1),
(306,9,26,0,1),
(307,9,27,0,1),
(308,9,28,0,1),
(309,9,29,0,1),
(310,9,30,0,1),
(311,10,0,0,1),
(312,10,1,0,1),
(313,10,2,0,1),
(314,10,3,0,1),
(315,10,4,0,1),
(316,10,5,0,1),
(317,10,6,0,1),
(318,10,7,0,1),
(319,10,8,0,1),
(320,10,9,0,1),
(321,10,10,0,1),
(322,10,11,0,1),
(323,10,12,0,1),
(324,10,13,0,1),
(325,10,14,0,1),
(326,10,15,0,1),
(327,10,16,0,1),
(328,10,17,0,1),
(329,10,18,0,1),
(330,10,19,0,1),
(331,10,20,0,1),
(332,10,21,0,1),
(333,10,22,0,1),
(334,10,23,0,1),
(335,10,24,0,1),
(336,10,25,0,1),
(337,10,26,0,1),
(338,10,27,0,1),
(339,10,28,0,1),
(340,10,29,0,1),
(341,10,30,0,1),
(342,11,0,0,1),
(343,11,1,0,1),
(344,11,2,0,1),
(345,11,3,0,1),
(346,11,4,0,1),
(347,11,5,0,1),
(348,11,6,0,1),
(349,11,7,0,1),
(350,11,8,0,1),
(351,11,9,0,1),
(352,11,10,0,1),
(353,11,11,0,1),
(354,11,12,0,1),
(355,11,13,0,1),
(356,11,14,0,1),
(357,11,15,0,1),
(358,11,16,0,1),
(359,11,17,0,1),
(360,11,18,0,1),
(361,11,19,0,1),
(362,11,20,0,1),
(363,11,21,0,1),
(364,11,22,0,1),
(365,11,23,0,1),
(366,11,24,0,1),
(367,11,25,0,1),
(368,11,26,0,1),
(369,11,27,0,1),
(370,11,28,0,1),
(371,11,29,0,1),
(372,11,30,0,1),
(373,12,0,0,1),
(374,12,1,0,1),
(375,12,2,0,1),
(376,12,3,0,1),
(377,12,4,0,1),
(378,12,5,0,1),
(379,12,6,0,1),
(380,12,7,0,1),
(381,12,8,0,1),
(382,12,9,0,1),
(383,12,10,0,1),
(384,12,11,0,1),
(385,12,12,0,1),
(386,12,13,0,1),
(387,12,14,0,1),
(388,12,15,0,1),
(389,12,16,0,1),
(390,12,17,0,1),
(391,12,18,0,1),
(392,12,19,0,1),
(393,12,20,0,1),
(394,12,21,0,1),
(395,12,22,0,1),
(396,12,23,0,1),
(397,12,24,0,1),
(398,12,25,0,1),
(399,12,26,0,1),
(400,12,27,0,1),
(401,12,28,0,1),
(402,12,29,0,1),
(403,12,30,0,1),
(404,13,0,0,1),
(405,13,1,0,1),
(406,13,2,0,1),
(407,13,3,0,1),
(408,13,4,0,1),
(409,13,5,0,1),
(410,13,6,0,1),
(411,13,7,0,1),
(412,13,8,0,1),
(413,13,9,0,1),
(414,13,10,0,1),
(415,13,11,0,1),
(416,13,12,0,1),
(417,13,13,0,1),
(418,13,14,0,1),
(419,13,15,0,1),
(420,13,16,0,1),
(421,13,17,0,1),
(422,13,18,0,1),
(423,13,19,0,1),
(424,13,20,0,1),
(425,13,21,0,1),
(426,13,22,0,1),
(427,13,23,0,1),
(428,13,24,0,1),
(429,13,25,0,1),
(430,13,26,0,1),
(431,13,27,0,1),
(432,13,28,0,1),
(433,13,29,0,1),
(434,13,30,0,1),
(435,14,0,0,1),
(436,14,1,0,1),
(437,14,2,0,1),
(438,14,3,0,1),
(439,14,4,0,1),
(440,14,5,0,1),
(441,14,6,0,1),
(442,14,7,0,1),
(443,14,8,0,1),
(444,14,9,0,1),
(445,14,10,0,1),
(446,14,11,0,1),
(447,14,12,0,1),
(448,14,13,0,1),
(449,14,14,0,1),
(450,14,15,0,1),
(451,14,16,0,1),
(452,14,17,0,1),
(453,14,18,0,1),
(454,14,19,0,1),
(455,14,20,0,1),
(456,14,21,0,1),
(457,14,22,0,1),
(458,14,23,0,1),
(459,14,24,0,1),
(460,14,25,0,1),
(461,14,26,0,1),
(462,14,27,0,1),
(463,14,28,0,1),
(464,14,29,0,1),
(465,14,30,0,1),
(466,15,0,0,1),
(467,15,1,0,1),
(468,15,2,0,1),
(469,15,3,0,1),
(470,15,4,0,1),
(471,15,5,0,1),
(472,15,6,0,1),
(473,15,7,0,1),
(474,15,8,0,1),
(475,15,9,0,1),
(476,15,10,0,1),
(477,15,11,0,1),
(478,15,12,0,1),
(479,15,13,0,1),
(480,15,14,0,1),
(481,15,15,0,1),
(482,15,16,0,1),
(483,15,17,0,1),
(484,15,18,0,1),
(485,15,19,0,1),
(486,15,20,0,1),
(487,15,21,0,1),
(488,15,22,0,1),
(489,15,23,0,1),
(490,15,24,0,1),
(491,15,25,0,1),
(492,15,26,0,1),
(493,15,27,0,1),
(494,15,28,0,1),
(495,15,29,0,1),
(496,15,30,0,1),
(497,16,0,0,1),
(498,16,1,0,1),
(499,16,2,0,1),
(500,16,3,0,1),
(501,16,4,0,1),
(502,16,5,0,1),
(503,16,6,0,1),
(504,16,7,0,1),
(505,16,8,0,1),
(506,16,9,0,1),
(507,16,10,0,1),
(508,16,11,0,1),
(509,16,12,0,1),
(510,16,13,0,1),
(511,16,14,0,1),
(512,16,15,0,1),
(513,16,16,0,1),
(514,16,17,0,1),
(515,16,18,0,1),
(516,16,19,0,1),
(517,16,20,0,1),
(518,16,21,0,1),
(519,16,22,0,1),
(520,16,23,0,1),
(521,16,24,0,1),
(522,16,25,0,1),
(523,16,26,0,1),
(524,16,27,0,1),
(525,16,28,0,1),
(526,16,29,0,1),
(527,16,30,0,1),
(528,17,0,0,1),
(529,17,1,0,1),
(530,17,2,0,1),
(531,17,3,0,1),
(532,17,4,0,1),
(533,17,5,0,1),
(534,17,6,0,1),
(535,17,7,0,1),
(536,17,8,0,1),
(537,17,9,0,1),
(538,17,10,0,1),
(539,17,11,0,1),
(540,17,12,0,1),
(541,17,13,0,1),
(542,17,14,0,1),
(543,17,15,0,1),
(544,17,16,0,1),
(545,17,17,0,1),
(546,17,18,0,1),
(547,17,19,0,1),
(548,17,20,0,1),
(549,17,21,0,1),
(550,17,22,0,1),
(551,17,23,0,1),
(552,17,24,0,1),
(553,17,25,0,1),
(554,17,26,0,1),
(555,17,27,0,1),
(556,17,28,0,1),
(557,17,29,0,1),
(558,17,30,0,1),
(559,18,0,0,1),
(560,18,1,0,1),
(561,18,2,0,1),
(562,18,3,0,1),
(563,18,4,0,1),
(564,18,5,0,1),
(565,18,6,0,1),
(566,18,7,0,1),
(567,18,8,0,1),
(568,18,9,0,1),
(569,18,10,0,1),
(570,18,11,0,1),
(571,18,12,0,1),
(572,18,13,0,1),
(573,18,14,0,1),
(574,18,15,0,1),
(575,18,16,0,1),
(576,18,17,0,1),
(577,18,18,0,1),
(578,18,19,0,1),
(579,18,20,0,1),
(580,18,21,0,1),
(581,18,22,0,1),
(582,18,23,0,1),
(583,18,24,0,1),
(584,18,25,0,1),
(585,18,26,0,1),
(586,18,27,0,1),
(587,18,28,0,1),
(588,18,29,0,1),
(589,18,30,0,1),
(590,19,0,0,1),
(591,19,1,0,1),
(592,19,2,0,1),
(593,19,3,0,1),
(594,19,4,0,1),
(595,19,5,0,1),
(596,19,6,0,1),
(597,19,7,0,1),
(598,19,8,0,1),
(599,19,9,0,1),
(600,19,10,0,1),
(601,19,11,0,1),
(602,19,12,0,1),
(603,19,13,0,1),
(604,19,14,0,1),
(605,19,15,0,1),
(606,19,16,0,1),
(607,19,17,0,1),
(608,19,18,0,1),
(609,19,19,0,1),
(610,19,20,0,1),
(611,19,21,0,1),
(612,19,22,0,1),
(613,19,23,0,1),
(614,19,24,0,1),
(615,19,25,0,1),
(616,19,26,0,1),
(617,19,27,0,1),
(618,19,28,0,1),
(619,19,29,0,1),
(620,19,30,0,1),
(621,20,0,0,1),
(622,20,1,0,1),
(623,20,2,0,1),
(624,20,3,0,1),
(625,20,4,0,1),
(626,20,5,0,1),
(627,20,6,0,1),
(628,20,7,0,1),
(629,20,8,0,1),
(630,20,9,0,1),
(631,20,10,0,1),
(632,20,11,0,1),
(633,20,12,0,1),
(634,20,13,0,1),
(635,20,14,0,1),
(636,20,15,0,1),
(637,20,16,0,1),
(638,20,17,0,1),
(639,20,18,0,1),
(640,20,19,0,1),
(641,20,20,0,1),
(642,20,21,0,1),
(643,20,22,0,1),
(644,20,23,0,1),
(645,20,24,0,1),
(646,20,25,0,1),
(647,20,26,0,1),
(648,20,27,0,1),
(649,20,28,0,1),
(650,20,29,0,1),
(651,20,30,0,1),
(652,21,0,0,1),
(653,21,1,0,1),
(654,21,2,0,1),
(655,21,3,0,1),
(656,21,4,0,1),
(657,21,5,0,1),
(658,21,6,0,1),
(659,21,7,0,1),
(660,21,8,0,1),
(661,21,9,0,1),
(662,21,10,0,1),
(663,21,11,0,1),
(664,21,12,0,1),
(665,21,13,0,1),
(666,21,14,0,1),
(667,21,15,0,1),
(668,21,16,0,1),
(669,21,17,0,1),
(670,21,18,0,1),
(671,21,19,0,1),
(672,21,20,0,1),
(673,21,21,0,1),
(674,21,22,0,1),
(675,21,23,0,1),
(676,21,24,0,1),
(677,21,25,0,1),
(678,21,26,0,1),
(679,21,27,0,1),
(680,21,28,0,1),
(681,21,29,0,1),
(682,21,30,0,1),
(683,22,0,0,1),
(684,22,1,0,1),
(685,22,2,0,1),
(686,22,3,0,1),
(687,22,4,0,1),
(688,22,5,0,1),
(689,22,6,0,1),
(690,22,7,0,1),
(691,22,8,0,1),
(692,22,9,0,1),
(693,22,10,0,1),
(694,22,11,0,1),
(695,22,12,0,1),
(696,22,13,0,1),
(697,22,14,0,1),
(698,22,15,0,1),
(699,22,16,0,1),
(700,22,17,0,1),
(701,22,18,0,1),
(702,22,19,0,1),
(703,22,20,0,1),
(704,22,21,0,1),
(705,22,22,0,1),
(706,22,23,0,1),
(707,22,24,0,1),
(708,22,25,0,1),
(709,22,26,0,1),
(710,22,27,0,1),
(711,22,28,0,1),
(712,22,29,0,1),
(713,22,30,0,1),
(714,23,0,0,1),
(715,23,1,0,1),
(716,23,2,0,1),
(717,23,3,0,1),
(718,23,4,0,1),
(719,23,5,0,1),
(720,23,6,0,1),
(721,23,7,0,1),
(722,23,8,0,1),
(723,23,9,0,1),
(724,23,10,0,1),
(725,23,11,0,1),
(726,23,12,0,1),
(727,23,13,0,1),
(728,23,14,0,1),
(729,23,15,0,1),
(730,23,16,0,1),
(731,23,17,0,1),
(732,23,18,0,1),
(733,23,19,0,1),
(734,23,20,0,1),
(735,23,21,0,1),
(736,23,22,0,1),
(737,23,23,0,1),
(738,23,24,0,1),
(739,23,25,0,1),
(740,23,26,0,1),
(741,23,27,0,1),
(742,23,28,0,1),
(743,23,29,0,1),
(744,23,30,0,1),
(745,24,0,0,1),
(746,24,1,0,1),
(747,24,2,0,1),
(748,24,3,0,1),
(749,24,4,0,1),
(750,24,5,0,1),
(751,24,6,0,1),
(752,24,7,0,1),
(753,24,8,0,1),
(754,24,9,0,1),
(755,24,10,0,1),
(756,24,11,0,1),
(757,24,12,0,1),
(758,24,13,0,1),
(759,24,14,0,1),
(760,24,15,0,1),
(761,24,16,0,1),
(762,24,17,0,1),
(763,24,18,0,1),
(764,24,19,0,1),
(765,24,20,0,1),
(766,24,21,0,1),
(767,24,22,0,1),
(768,24,23,0,1),
(769,24,24,0,1),
(770,24,25,0,1),
(771,24,26,0,1),
(772,24,27,0,1),
(773,24,28,0,1),
(774,24,29,0,1),
(775,24,30,0,1),
(776,25,0,0,1),
(777,25,1,0,1),
(778,25,2,0,1),
(779,25,3,0,1),
(780,25,4,0,1),
(781,25,5,0,1),
(782,25,6,0,1),
(783,25,7,0,1),
(784,25,8,0,1),
(785,25,9,0,1),
(786,25,10,0,1),
(787,25,11,0,1),
(788,25,12,0,1),
(789,25,13,0,1),
(790,25,14,0,1),
(791,25,15,0,1),
(792,25,16,0,1),
(793,25,17,0,1),
(794,25,18,0,1),
(795,25,19,0,1),
(796,25,20,0,1),
(797,25,21,0,1),
(798,25,22,0,1),
(799,25,23,0,1),
(800,25,24,0,1),
(801,25,25,0,1),
(802,25,26,0,1),
(803,25,27,0,1),
(804,25,28,0,1),
(805,25,29,0,1),
(806,25,30,0,1),
(807,26,0,0,1),
(808,26,1,0,1),
(809,26,2,0,1),
(810,26,3,0,1),
(811,26,4,0,1),
(812,26,5,0,1),
(813,26,6,0,1),
(814,26,7,0,1),
(815,26,8,0,1),
(816,26,9,0,1),
(817,26,10,0,1),
(818,26,11,0,1),
(819,26,12,0,1),
(820,26,13,0,1),
(821,26,14,0,1),
(822,26,15,0,1),
(823,26,16,0,1),
(824,26,17,0,1),
(825,26,18,0,1),
(826,26,19,0,1),
(827,26,20,0,1),
(828,26,21,0,1),
(829,26,22,0,1),
(830,26,23,0,1),
(831,26,24,0,1),
(832,26,25,0,1),
(833,26,26,0,1),
(834,26,27,0,1),
(835,26,28,0,1),
(836,26,29,0,1),
(837,26,30,0,1),
(838,27,0,0,1),
(839,27,1,0,1),
(840,27,2,0,1),
(841,27,3,0,1),
(842,27,4,0,1),
(843,27,5,0,1),
(844,27,6,0,1),
(845,27,7,0,1),
(846,27,8,0,1),
(847,27,9,0,1),
(848,27,10,0,1),
(849,27,11,0,1),
(850,27,12,0,1),
(851,27,13,0,1),
(852,27,14,0,1),
(853,27,15,0,1),
(854,27,16,0,1),
(855,27,17,0,1),
(856,27,18,0,1),
(857,27,19,0,1),
(858,27,20,0,1),
(859,27,21,0,1),
(860,27,22,0,1),
(861,27,23,0,1),
(862,27,24,0,1),
(863,27,25,0,1),
(864,27,26,0,1),
(865,27,27,0,1),
(866,27,28,0,1),
(867,27,29,0,1),
(868,27,30,0,1),
(869,28,0,0,1),
(870,28,1,0,1),
(871,28,2,0,1),
(872,28,3,0,1),
(873,28,4,0,1),
(874,28,5,0,1),
(875,28,6,0,1),
(876,28,7,0,1),
(877,28,8,0,1),
(878,28,9,0,1),
(879,28,10,0,1),
(880,28,11,0,1),
(881,28,12,0,1),
(882,28,13,0,1),
(883,28,14,0,1),
(884,28,15,0,1),
(885,28,16,0,1),
(886,28,17,0,1),
(887,28,18,0,1),
(888,28,19,0,1),
(889,28,20,0,1),
(890,28,21,0,1),
(891,28,22,0,1),
(892,28,23,0,1),
(893,28,24,0,1),
(894,28,25,0,1),
(895,28,26,0,1),
(896,28,27,0,1),
(897,28,28,0,1),
(898,28,29,0,1),
(899,28,30,0,1),
(900,29,0,0,1),
(901,29,1,0,1),
(902,29,2,0,1),
(903,29,3,0,1),
(904,29,4,0,1),
(905,29,5,0,1),
(906,29,6,0,1),
(907,29,7,0,1),
(908,29,8,0,1),
(909,29,9,0,1),
(910,29,10,0,1),
(911,29,11,0,1),
(912,29,12,0,1),
(913,29,13,0,1),
(914,29,14,0,1),
(915,29,15,0,1),
(916,29,16,0,1),
(917,29,17,0,1),
(918,29,18,0,1),
(919,29,19,0,1),
(920,29,20,0,1),
(921,29,21,0,1),
(922,29,22,0,1),
(923,29,23,0,1),
(924,29,24,0,1),
(925,29,25,0,1),
(926,29,26,0,1),
(927,29,27,0,1),
(928,29,28,0,1),
(929,29,29,0,1),
(930,29,30,0,1),
(931,30,0,0,1),
(932,30,1,0,1),
(933,30,2,0,1),
(934,30,3,0,1),
(935,30,4,0,1),
(936,30,5,0,1),
(937,30,6,0,1),
(938,30,7,0,1),
(939,30,8,0,1),
(940,30,9,0,1),
(941,30,10,0,1),
(942,30,11,0,1),
(943,30,12,0,1),
(944,30,13,0,1),
(945,30,14,0,1),
(946,30,15,0,1),
(947,30,16,0,1),
(948,30,17,0,1),
(949,30,18,0,1),
(950,30,19,0,1),
(951,30,20,0,1),
(952,30,21,0,1),
(953,30,22,0,1),
(954,30,23,0,1),
(955,30,24,0,1),
(956,30,25,0,1),
(957,30,26,0,1),
(958,30,27,0,1),
(959,30,28,0,1),
(960,30,29,0,1),
(961,30,30,0,1),
(962,34,0,0,2),
(963,34,1,0,2),
(964,34,2,0,2),
(965,34,3,0,2),
(966,34,4,0,2),
(967,34,5,0,2),
(968,34,6,0,2),
(969,34,7,0,2),
(970,34,8,0,2),
(971,34,9,0,2),
(972,34,10,0,2),
(973,34,11,0,2),
(974,34,12,0,2),
(975,34,13,0,2),
(976,34,14,0,2),
(977,34,15,0,2),
(978,34,16,0,2),
(979,34,17,0,2),
(980,34,18,0,2),
(981,34,19,0,2),
(982,34,20,0,2),
(983,34,21,0,2),
(984,34,22,0,2),
(985,34,23,0,2),
(986,34,24,0,2),
(987,34,25,0,2),
(988,34,26,0,2),
(989,34,27,0,2),
(990,34,28,0,2),
(991,34,29,0,2),
(992,34,30,0,2),
(993,35,0,0,2),
(994,35,1,0,2),
(995,35,2,0,2),
(996,35,3,0,2),
(997,35,4,0,2),
(998,35,5,0,2),
(999,35,6,0,2),
(1000,35,7,0,2),
(1001,35,8,0,2),
(1002,35,9,0,2),
(1003,35,10,0,2),
(1004,35,11,0,2),
(1005,35,12,0,2),
(1006,35,13,0,2),
(1007,35,14,0,2),
(1008,35,15,0,2),
(1009,35,16,0,2),
(1010,35,17,0,2),
(1011,35,18,0,2),
(1012,35,19,0,2),
(1013,35,20,0,2),
(1014,35,21,0,2),
(1015,35,22,0,2),
(1016,35,23,0,2),
(1017,35,24,0,2),
(1018,35,25,0,2),
(1019,35,26,0,2),
(1020,35,27,0,2),
(1021,35,28,0,2),
(1022,35,29,0,2),
(1023,35,30,0,2),
(1024,36,0,0,2),
(1025,36,1,0,2),
(1026,36,2,0,2),
(1027,36,3,0,2),
(1028,36,4,0,2),
(1029,36,5,0,2),
(1030,36,6,0,2),
(1031,36,7,0,2),
(1032,36,8,0,2),
(1033,36,9,0,2),
(1034,36,10,0,2),
(1035,36,11,0,2),
(1036,36,12,0,2),
(1037,36,13,0,2),
(1038,36,14,0,2),
(1039,36,15,0,2),
(1040,36,16,0,2),
(1041,36,17,0,2),
(1042,36,18,0,2),
(1043,36,19,0,2),
(1044,36,20,0,2),
(1045,36,21,0,2),
(1046,36,22,0,2),
(1047,36,23,0,2),
(1048,36,24,0,2),
(1049,36,25,0,2),
(1050,36,26,0,2),
(1051,36,27,0,2),
(1052,36,28,0,2),
(1053,36,29,0,2),
(1054,36,30,0,2),
(1055,37,0,0,2),
(1056,37,1,0,2),
(1057,37,2,0,2),
(1058,37,3,0,2),
(1059,37,4,0,2),
(1060,37,5,0,2),
(1061,37,6,0,2),
(1062,37,7,0,2),
(1063,37,8,0,2),
(1064,37,9,0,2),
(1065,37,10,0,2),
(1066,37,11,0,2),
(1067,37,12,0,2),
(1068,37,13,0,2),
(1069,37,14,0,2),
(1070,37,15,0,2),
(1071,37,16,0,2),
(1072,37,17,0,2),
(1073,37,18,0,2),
(1074,37,19,0,2),
(1075,37,20,0,2),
(1076,37,21,0,2),
(1077,37,22,0,2),
(1078,37,23,0,2),
(1079,37,24,0,2),
(1080,37,25,0,2),
(1081,37,26,0,2),
(1082,37,27,0,2),
(1083,37,28,0,2),
(1084,37,29,0,2),
(1085,37,30,0,2),
(1086,38,0,0,2),
(1087,38,1,0,2),
(1088,38,2,0,2),
(1089,38,3,0,2),
(1090,38,4,0,2),
(1091,38,5,0,2),
(1092,38,6,0,2),
(1093,38,7,0,2),
(1094,38,8,0,2),
(1095,38,9,0,2),
(1096,38,10,0,2),
(1097,38,11,0,2),
(1098,38,12,0,2),
(1099,38,13,0,2),
(1100,38,14,0,2),
(1101,38,15,0,2),
(1102,38,16,0,2),
(1103,38,17,0,2),
(1104,38,18,0,2),
(1105,38,19,0,2),
(1106,38,20,0,2),
(1107,38,21,0,2),
(1108,38,22,0,2),
(1109,38,23,0,2),
(1110,38,24,0,2),
(1111,38,25,0,2),
(1112,38,26,0,2),
(1113,38,27,0,2),
(1114,38,28,0,2),
(1115,38,29,0,2),
(1116,38,30,0,2),
(1117,39,0,0,2),
(1118,39,1,0,2),
(1119,39,2,0,2),
(1120,39,3,0,2),
(1121,39,4,0,2),
(1122,39,5,0,2),
(1123,39,6,0,2),
(1124,39,7,0,2),
(1125,39,8,0,2),
(1126,39,9,0,2),
(1127,39,10,0,2),
(1128,39,11,0,2),
(1129,39,12,0,2),
(1130,39,13,0,2),
(1131,39,14,0,2),
(1132,39,15,0,2),
(1133,39,16,0,2),
(1134,39,17,0,2),
(1135,39,18,0,2),
(1136,39,19,0,2),
(1137,39,20,0,2),
(1138,39,21,0,2),
(1139,39,22,0,2),
(1140,39,23,0,2),
(1141,39,24,0,2),
(1142,39,25,0,2),
(1143,39,26,0,2),
(1144,39,27,0,2),
(1145,39,28,0,2),
(1146,39,29,0,2),
(1147,39,30,0,2),
(1148,40,0,0,2),
(1149,40,1,0,2),
(1150,40,2,0,2),
(1151,40,3,0,2),
(1152,40,4,0,2),
(1153,40,5,0,2),
(1154,40,6,0,2),
(1155,40,7,0,2),
(1156,40,8,0,2),
(1157,40,9,0,2),
(1158,40,10,0,2),
(1159,40,11,0,2),
(1160,40,12,0,2),
(1161,40,13,0,2),
(1162,40,14,0,2),
(1163,40,15,0,2),
(1164,40,16,0,2),
(1165,40,17,0,2),
(1166,40,18,0,2),
(1167,40,19,0,2),
(1168,40,20,0,2),
(1169,40,21,0,2),
(1170,40,22,0,2),
(1171,40,23,0,2),
(1172,40,24,0,2),
(1173,40,25,0,2),
(1174,40,26,0,2),
(1175,40,27,0,2),
(1176,40,28,0,2),
(1177,40,29,0,2),
(1178,40,30,0,2),
(1179,41,0,0,2),
(1180,41,1,0,2),
(1181,41,2,0,2),
(1182,41,3,0,2),
(1183,41,4,0,2),
(1184,41,5,0,2),
(1185,41,6,0,2),
(1186,41,7,0,2),
(1187,41,8,0,2),
(1188,41,9,0,2),
(1189,41,10,0,2),
(1190,41,11,0,2),
(1191,41,12,0,2),
(1192,41,13,0,2),
(1193,41,14,0,2),
(1194,41,15,0,2),
(1195,41,16,0,2),
(1196,41,17,0,2),
(1197,41,18,0,2),
(1198,41,19,0,2),
(1199,41,20,0,2),
(1200,41,21,0,2),
(1201,41,22,0,2),
(1202,41,23,0,2),
(1203,41,24,0,2),
(1204,41,25,0,2),
(1205,41,26,0,2),
(1206,41,27,0,2),
(1207,41,28,0,2),
(1208,41,29,0,2),
(1209,41,30,0,2),
(1210,42,0,0,2),
(1211,42,1,0,2),
(1212,42,2,0,2),
(1213,42,3,0,2),
(1214,42,4,0,2),
(1215,42,5,0,2),
(1216,42,6,0,2),
(1217,42,7,0,2),
(1218,42,8,0,2),
(1219,42,9,0,2),
(1220,42,10,0,2),
(1221,42,11,0,2),
(1222,42,12,0,2),
(1223,42,13,0,2),
(1224,42,14,0,2),
(1225,42,15,0,2),
(1226,42,16,0,2),
(1227,42,17,0,2),
(1228,42,18,0,2),
(1229,42,19,0,2),
(1230,42,20,0,2),
(1231,42,21,0,2),
(1232,42,22,0,2),
(1233,42,23,0,2),
(1234,42,24,0,2),
(1235,42,25,0,2),
(1236,42,26,0,2),
(1237,42,27,0,2),
(1238,42,28,0,2),
(1239,42,29,0,2),
(1240,42,30,0,2),
(1241,43,0,0,2),
(1242,43,1,0,2),
(1243,43,2,0,2),
(1244,43,3,0,2),
(1245,43,4,0,2),
(1246,43,5,0,2),
(1247,43,6,0,2),
(1248,43,7,0,2),
(1249,43,8,0,2),
(1250,43,9,0,2),
(1251,43,10,0,2),
(1252,43,11,0,2),
(1253,43,12,0,2),
(1254,43,13,0,2),
(1255,43,14,0,2),
(1256,43,15,0,2),
(1257,43,16,0,2),
(1258,43,17,0,2),
(1259,43,18,0,2),
(1260,43,19,0,2),
(1261,43,20,0,2),
(1262,43,21,0,2),
(1263,43,22,0,2),
(1264,43,23,0,2),
(1265,43,24,0,2),
(1266,43,25,0,2),
(1267,43,26,0,2),
(1268,43,27,0,2),
(1269,43,28,0,2),
(1270,43,29,0,2),
(1271,43,30,0,2),
(1272,44,0,0,2),
(1273,44,1,0,2),
(1274,44,2,0,2),
(1275,44,3,0,2),
(1276,44,4,0,2),
(1277,44,5,0,2),
(1278,44,6,0,2),
(1279,44,7,0,2),
(1280,44,8,0,2),
(1281,44,9,0,2),
(1282,44,10,0,2),
(1283,44,11,0,2),
(1284,44,12,0,2),
(1285,44,13,0,2),
(1286,44,14,0,2),
(1287,44,15,0,2),
(1288,44,16,0,2),
(1289,44,17,0,2),
(1290,44,18,0,2),
(1291,44,19,0,2),
(1292,44,20,0,2),
(1293,44,21,0,2),
(1294,44,22,0,2),
(1295,44,23,0,2),
(1296,44,24,0,2),
(1297,44,25,0,2),
(1298,44,26,0,2),
(1299,44,27,0,2),
(1300,44,28,0,2),
(1301,44,29,0,2),
(1302,44,30,0,2),
(1303,45,0,0,2),
(1304,45,1,0,2),
(1305,45,2,0,2),
(1306,45,3,0,2),
(1307,45,4,0,2),
(1308,45,5,0,2),
(1309,45,6,0,2),
(1310,45,7,0,2),
(1311,45,8,0,2),
(1312,45,9,0,2),
(1313,45,10,0,2),
(1314,45,11,0,2),
(1315,45,12,0,2),
(1316,45,13,0,2),
(1317,45,14,0,2),
(1318,45,15,0,2),
(1319,45,16,0,2),
(1320,45,17,0,2),
(1321,45,18,0,2),
(1322,45,19,0,2),
(1323,45,20,0,2),
(1324,45,21,0,2),
(1325,45,22,0,2),
(1326,45,23,0,2),
(1327,45,24,0,2),
(1328,45,25,0,2),
(1329,45,26,0,2),
(1330,45,27,0,2),
(1331,45,28,0,2),
(1332,45,29,0,2),
(1333,45,30,0,2),
(1334,46,0,0,2),
(1335,46,1,0,2),
(1336,46,2,0,2),
(1337,46,3,0,2),
(1338,46,4,0,2),
(1339,46,5,0,2),
(1340,46,6,0,2),
(1341,46,7,0,2),
(1342,46,8,0,2),
(1343,46,9,0,2),
(1344,46,10,0,2),
(1345,46,11,0,2),
(1346,46,12,0,2),
(1347,46,13,0,2),
(1348,46,14,0,2),
(1349,46,15,0,2),
(1350,46,16,0,2),
(1351,46,17,0,2),
(1352,46,18,0,2),
(1353,46,19,0,2),
(1354,46,20,0,2),
(1355,46,21,0,2),
(1356,46,22,0,2),
(1357,46,23,0,2),
(1358,46,24,0,2),
(1359,46,25,0,2),
(1360,46,26,0,2),
(1361,46,27,0,2),
(1362,46,28,0,2),
(1363,46,29,0,2),
(1364,46,30,0,2),
(1365,47,0,0,2),
(1366,47,1,0,2),
(1367,47,2,0,2),
(1368,47,3,0,2),
(1369,47,4,0,2),
(1370,47,5,0,2),
(1371,47,6,0,2),
(1372,47,7,0,2),
(1373,47,8,0,2),
(1374,47,9,0,2),
(1375,47,10,0,2),
(1376,47,11,0,2),
(1377,47,12,0,2),
(1378,47,13,0,2),
(1379,47,14,0,2),
(1380,47,15,0,2),
(1381,47,16,0,2),
(1382,47,17,0,2),
(1383,47,18,0,2),
(1384,47,19,0,2),
(1385,47,20,0,2),
(1386,47,21,0,2),
(1387,47,22,0,2),
(1388,47,23,0,2),
(1389,47,24,0,2),
(1390,47,25,0,2),
(1391,47,26,0,2),
(1392,47,27,0,2),
(1393,47,28,0,2),
(1394,47,29,0,2),
(1395,47,30,0,2),
(1396,48,0,0,2),
(1397,48,1,0,2),
(1398,48,2,0,2),
(1399,48,3,0,2),
(1400,48,4,0,2),
(1401,48,5,0,2),
(1402,48,6,0,2),
(1403,48,7,0,2),
(1404,48,8,0,2),
(1405,48,9,0,2),
(1406,48,10,0,2),
(1407,48,11,0,2),
(1408,48,12,0,2),
(1409,48,13,0,2),
(1410,48,14,0,2),
(1411,48,15,0,2),
(1412,48,16,0,2),
(1413,48,17,0,2),
(1414,48,18,0,2),
(1415,48,19,0,2),
(1416,48,20,0,2),
(1417,48,21,0,2),
(1418,48,22,0,2),
(1419,48,23,0,2),
(1420,48,24,0,2),
(1421,48,25,0,2),
(1422,48,26,0,2),
(1423,48,27,0,2),
(1424,48,28,0,2),
(1425,48,29,0,2),
(1426,48,30,0,2),
(1427,49,0,0,2),
(1428,49,1,0,2),
(1429,49,2,0,2),
(1430,49,3,0,2),
(1431,49,4,0,2),
(1432,49,5,0,2),
(1433,49,6,0,2),
(1434,49,7,0,2),
(1435,49,8,0,2),
(1436,49,9,0,2),
(1437,49,10,0,2),
(1438,49,11,0,2),
(1439,49,12,0,2),
(1440,49,13,0,2),
(1441,49,14,0,2),
(1442,49,15,0,2),
(1443,49,16,0,2),
(1444,49,17,0,2),
(1445,49,18,0,2),
(1446,49,19,0,2),
(1447,49,20,0,2),
(1448,49,21,0,2),
(1449,49,22,0,2),
(1450,49,23,0,2),
(1451,49,24,0,2),
(1452,49,25,0,2),
(1453,49,26,0,2),
(1454,49,27,0,2),
(1455,49,28,0,2),
(1456,49,29,0,2),
(1457,49,30,0,2),
(1458,50,0,0,2),
(1459,50,1,0,2),
(1460,50,2,0,2),
(1461,50,3,0,2),
(1462,50,4,0,2),
(1463,50,5,0,2),
(1464,50,6,0,2),
(1465,50,7,0,2),
(1466,50,8,0,2),
(1467,50,9,0,2),
(1468,50,10,0,2),
(1469,50,11,0,2),
(1470,50,12,0,2),
(1471,50,13,0,2),
(1472,50,14,0,2),
(1473,50,15,0,2),
(1474,50,16,0,2),
(1475,50,17,0,2),
(1476,50,18,0,2),
(1477,50,19,0,2),
(1478,50,20,0,2),
(1479,50,21,0,2),
(1480,50,22,0,2),
(1481,50,23,0,2),
(1482,50,24,0,2),
(1483,50,25,0,2),
(1484,50,26,0,2),
(1485,50,27,0,2),
(1486,50,28,0,2),
(1487,50,29,0,2),
(1488,50,30,0,2),
(1489,51,0,0,2),
(1490,51,1,0,2),
(1491,51,2,0,2),
(1492,51,3,0,2),
(1493,51,4,0,2),
(1494,51,5,0,2),
(1495,51,6,0,2),
(1496,51,7,0,2),
(1497,51,8,0,2),
(1498,51,9,0,2),
(1499,51,10,0,2),
(1500,51,11,0,2),
(1501,51,12,0,2),
(1502,51,13,0,2),
(1503,51,14,0,2),
(1504,51,15,0,2),
(1505,51,16,0,2),
(1506,51,17,0,2),
(1507,51,18,0,2),
(1508,51,19,0,2),
(1509,51,20,0,2),
(1510,51,21,0,2),
(1511,51,22,0,2),
(1512,51,23,0,2),
(1513,51,24,0,2),
(1514,51,25,0,2),
(1515,51,26,0,2),
(1516,51,27,0,2),
(1517,51,28,0,2),
(1518,51,29,0,2),
(1519,51,30,0,2),
(1520,52,0,0,2),
(1521,52,1,0,2),
(1522,52,2,0,2),
(1523,52,3,0,2),
(1524,52,4,0,2),
(1525,52,5,0,2),
(1526,52,6,0,2),
(1527,52,7,0,2),
(1528,52,8,0,2),
(1529,52,9,0,2),
(1530,52,10,0,2),
(1531,52,11,0,2),
(1532,52,12,0,2),
(1533,52,13,0,2),
(1534,52,14,0,2),
(1535,52,15,0,2),
(1536,52,16,0,2),
(1537,52,17,0,2),
(1538,52,18,0,2),
(1539,52,19,0,2),
(1540,52,20,0,2),
(1541,52,21,0,2),
(1542,52,22,0,2),
(1543,52,23,0,2),
(1544,52,24,0,2),
(1545,52,25,0,2),
(1546,52,26,0,2),
(1547,52,27,0,2),
(1548,52,28,0,2),
(1549,52,29,0,2),
(1550,52,30,0,2),
(1551,53,0,0,2),
(1552,53,1,0,2),
(1553,53,2,0,2),
(1554,53,3,0,2),
(1555,53,4,0,2),
(1556,53,5,0,2),
(1557,53,6,0,2),
(1558,53,7,0,2),
(1559,53,8,0,2),
(1560,53,9,0,2),
(1561,53,10,0,2),
(1562,53,11,0,2),
(1563,53,12,0,2),
(1564,53,13,0,2),
(1565,53,14,0,2),
(1566,53,15,0,2),
(1567,53,16,0,2),
(1568,53,17,0,2),
(1569,53,18,0,2),
(1570,53,19,0,2),
(1571,53,20,0,2),
(1572,53,21,0,2),
(1573,53,22,0,2),
(1574,53,23,0,2),
(1575,53,24,0,2),
(1576,53,25,0,2),
(1577,53,26,0,2),
(1578,53,27,0,2),
(1579,53,28,0,2),
(1580,53,29,0,2),
(1581,53,30,0,2),
(1582,54,0,0,2),
(1583,54,1,0,2),
(1584,54,2,0,2),
(1585,54,3,0,2),
(1586,54,4,0,2),
(1587,54,5,0,2),
(1588,54,6,0,2),
(1589,54,7,0,2),
(1590,54,8,0,2),
(1591,54,9,0,2),
(1592,54,10,0,2),
(1593,54,11,0,2),
(1594,54,12,0,2),
(1595,54,13,0,2),
(1596,54,14,0,2),
(1597,54,15,0,2),
(1598,54,16,0,2),
(1599,54,17,0,2),
(1600,54,18,0,2),
(1601,54,19,0,2),
(1602,54,20,0,2),
(1603,54,21,0,2),
(1604,54,22,0,2),
(1605,54,23,0,2),
(1606,54,24,0,2),
(1607,54,25,0,2),
(1608,54,26,0,2),
(1609,54,27,0,2),
(1610,54,28,0,2),
(1611,54,29,0,2),
(1612,54,30,0,2),
(1613,55,0,0,2),
(1614,55,1,0,2),
(1615,55,2,0,2),
(1616,55,3,0,2),
(1617,55,4,0,2),
(1618,55,5,0,2),
(1619,55,6,0,2),
(1620,55,7,0,2),
(1621,55,8,0,2),
(1622,55,9,0,2),
(1623,55,10,0,2),
(1624,55,11,0,2),
(1625,55,12,0,2),
(1626,55,13,0,2),
(1627,55,14,0,2),
(1628,55,15,0,2),
(1629,55,16,0,2),
(1630,55,17,0,2),
(1631,55,18,0,2),
(1632,55,19,0,2),
(1633,55,20,0,2),
(1634,55,21,0,2),
(1635,55,22,0,2),
(1636,55,23,0,2),
(1637,55,24,0,2),
(1638,55,25,0,2),
(1639,55,26,0,2),
(1640,55,27,0,2),
(1641,55,28,0,2),
(1642,55,29,0,2),
(1643,55,30,0,2),
(1644,56,0,0,2),
(1645,56,1,0,2),
(1646,56,2,0,2),
(1647,56,3,0,2),
(1648,56,4,0,2),
(1649,56,5,0,2),
(1650,56,6,0,2),
(1651,56,7,0,2),
(1652,56,8,0,2),
(1653,56,9,0,2),
(1654,56,10,0,2),
(1655,56,11,0,2),
(1656,56,12,0,2),
(1657,56,13,0,2),
(1658,56,14,0,2),
(1659,56,15,0,2),
(1660,56,16,0,2),
(1661,56,17,0,2),
(1662,56,18,0,2),
(1663,56,19,0,2),
(1664,56,20,0,2),
(1665,56,21,0,2),
(1666,56,22,0,2),
(1667,56,23,0,2),
(1668,56,24,0,2),
(1669,56,25,0,2),
(1670,56,26,0,2),
(1671,56,27,0,2),
(1672,56,28,0,2),
(1673,56,29,0,2),
(1674,56,30,0,2),
(1675,57,0,0,2),
(1676,57,1,0,2),
(1677,57,2,0,2),
(1678,57,3,0,2),
(1679,57,4,0,2),
(1680,57,5,0,2),
(1681,57,6,0,2),
(1682,57,7,0,2),
(1683,57,8,0,2),
(1684,57,9,0,2),
(1685,57,10,0,2),
(1686,57,11,0,2),
(1687,57,12,0,2),
(1688,57,13,0,2),
(1689,57,14,0,2),
(1690,57,15,0,2),
(1691,57,16,0,2),
(1692,57,17,0,2),
(1693,57,18,0,2),
(1694,57,19,0,2),
(1695,57,20,0,2),
(1696,57,21,0,2),
(1697,57,22,0,2),
(1698,57,23,0,2),
(1699,57,24,0,2),
(1700,57,25,0,2),
(1701,57,26,0,2),
(1702,57,27,0,2),
(1703,57,28,0,2),
(1704,57,29,0,2),
(1705,57,30,0,2),
(1706,58,0,0,2),
(1707,58,1,0,2),
(1708,58,2,0,2),
(1709,58,3,0,2),
(1710,58,4,0,2),
(1711,58,5,0,2),
(1712,58,6,0,2),
(1713,58,7,0,2),
(1714,58,8,0,2),
(1715,58,9,0,2),
(1716,58,10,0,2),
(1717,58,11,0,2),
(1718,58,12,0,2),
(1719,58,13,0,2),
(1720,58,14,0,2),
(1721,58,15,0,2),
(1722,58,16,0,2),
(1723,58,17,0,2),
(1724,58,18,0,2),
(1725,58,19,0,2),
(1726,58,20,0,2),
(1727,58,21,0,2),
(1728,58,22,0,2),
(1729,58,23,0,2),
(1730,58,24,0,2),
(1731,58,25,0,2),
(1732,58,26,0,2),
(1733,58,27,0,2),
(1734,58,28,0,2),
(1735,58,29,0,2),
(1736,58,30,0,2),
(1737,59,0,0,2),
(1738,59,1,0,2),
(1739,59,2,0,2),
(1740,59,3,0,2),
(1741,59,4,0,2),
(1742,59,5,0,2),
(1743,59,6,0,2),
(1744,59,7,0,2),
(1745,59,8,0,2),
(1746,59,9,0,2),
(1747,59,10,0,2),
(1748,59,11,0,2),
(1749,59,12,0,2),
(1750,59,13,0,2),
(1751,59,14,0,2),
(1752,59,15,0,2),
(1753,59,16,0,2),
(1754,59,17,0,2),
(1755,59,18,0,2),
(1756,59,19,0,2),
(1757,59,20,0,2),
(1758,59,21,0,2),
(1759,59,22,0,2),
(1760,59,23,0,2),
(1761,59,24,0,2),
(1762,59,25,0,2),
(1763,59,26,0,2),
(1764,59,27,0,2),
(1765,59,28,0,2),
(1766,59,29,0,2),
(1767,59,30,0,2),
(1768,60,0,0,2),
(1769,60,1,0,2),
(1770,60,2,0,2),
(1771,60,3,0,2),
(1772,60,4,0,2),
(1773,60,5,0,2),
(1774,60,6,0,2),
(1775,60,7,0,2),
(1776,60,8,0,2),
(1777,60,9,0,2),
(1778,60,10,0,2),
(1779,60,11,0,2),
(1780,60,12,0,2),
(1781,60,13,0,2),
(1782,60,14,0,2),
(1783,60,15,0,2),
(1784,60,16,0,2),
(1785,60,17,0,2),
(1786,60,18,0,2),
(1787,60,19,0,2),
(1788,60,20,0,2),
(1789,60,21,0,2),
(1790,60,22,0,2),
(1791,60,23,0,2),
(1792,60,24,0,2),
(1793,60,25,0,2),
(1794,60,26,0,2),
(1795,60,27,0,2),
(1796,60,28,0,2),
(1797,60,29,0,2),
(1798,60,30,0,2),
(1799,61,0,0,2),
(1800,61,1,0,2),
(1801,61,2,0,2),
(1802,61,3,0,2),
(1803,61,4,0,2),
(1804,61,5,0,2),
(1805,61,6,0,2),
(1806,61,7,0,2),
(1807,61,8,0,2),
(1808,61,9,0,2),
(1809,61,10,0,2),
(1810,61,11,0,2),
(1811,61,12,0,2),
(1812,61,13,0,2),
(1813,61,14,0,2),
(1814,61,15,0,2),
(1815,61,16,0,2),
(1816,61,17,0,2),
(1817,61,18,0,2),
(1818,61,19,0,2),
(1819,61,20,0,2),
(1820,61,21,0,2),
(1821,61,22,0,2),
(1822,61,23,0,2),
(1823,61,24,0,2),
(1824,61,25,0,2),
(1825,61,26,0,2),
(1826,61,27,0,2),
(1827,61,28,0,2),
(1828,61,29,0,2),
(1829,61,30,0,2),
(1830,62,0,0,2),
(1831,62,1,0,2),
(1832,62,2,0,2),
(1833,62,3,0,2),
(1834,62,4,0,2),
(1835,62,5,0,2),
(1836,62,6,0,2),
(1837,62,7,0,2),
(1838,62,8,0,2),
(1839,62,9,0,2),
(1840,62,10,0,2),
(1841,62,11,0,2),
(1842,62,12,0,2),
(1843,62,13,0,2),
(1844,62,14,0,2),
(1845,62,15,0,2),
(1846,62,16,0,2),
(1847,62,17,0,2),
(1848,62,18,0,2),
(1849,62,19,0,2),
(1850,62,20,0,2),
(1851,62,21,0,2),
(1852,62,22,0,2),
(1853,62,23,0,2),
(1854,62,24,0,2),
(1855,62,25,0,2),
(1856,62,26,0,2),
(1857,62,27,0,2),
(1858,62,28,0,2),
(1859,62,29,0,2),
(1860,62,30,0,2),
(1861,63,0,0,2),
(1862,63,1,0,2),
(1863,63,2,0,2),
(1864,63,3,0,2),
(1865,63,4,0,2),
(1866,63,5,0,2),
(1867,63,6,0,2),
(1868,63,7,0,2),
(1869,63,8,0,2),
(1870,63,9,0,2),
(1871,63,10,0,2),
(1872,63,11,0,2),
(1873,63,12,0,2),
(1874,63,13,0,2),
(1875,63,14,0,2),
(1876,63,15,0,2),
(1877,63,16,0,2),
(1878,63,17,0,2),
(1879,63,18,0,2),
(1880,63,19,0,2),
(1881,63,20,0,2),
(1882,63,21,0,2),
(1883,63,22,0,2),
(1884,63,23,0,2),
(1885,63,24,0,2),
(1886,63,25,0,2),
(1887,63,26,0,2),
(1888,63,27,0,2),
(1889,63,28,0,2),
(1890,63,29,0,2),
(1891,63,30,0,2),
(1892,0,34,0,3),
(1893,0,35,0,3),
(1894,0,36,0,3),
(1895,0,37,0,3),
(1896,0,38,0,3),
(1897,0,39,0,3),
(1898,0,40,0,3),
(1899,0,41,0,3),
(1900,0,42,0,3),
(1901,0,43,0,3),
(1902,0,44,0,3),
(1903,0,45,0,3),
(1904,0,46,0,3),
(1905,0,47,0,3),
(1906,0,48,0,3),
(1907,0,49,0,3),
(1908,0,50,0,3),
(1909,0,51,0,3),
(1910,0,52,0,3),
(1911,0,53,0,3),
(1912,0,54,0,3),
(1913,0,55,0,3),
(1914,0,56,0,3),
(1915,0,57,0,3),
(1916,0,58,0,3),
(1917,0,59,0,3),
(1918,0,60,0,3),
(1919,0,61,0,3),
(1920,0,62,0,3),
(1921,0,63,0,3),
(1922,1,34,0,3),
(1923,1,35,0,3),
(1924,1,36,0,3),
(1925,1,37,0,3),
(1926,1,38,0,3),
(1927,1,39,0,3),
(1928,1,40,0,3),
(1929,1,41,0,3),
(1930,1,42,0,3),
(1931,1,43,0,3),
(1932,1,44,0,3),
(1933,1,45,0,3),
(1934,1,46,0,3),
(1935,1,47,0,3),
(1936,1,48,0,3),
(1937,1,49,0,3),
(1938,1,50,0,3),
(1939,1,51,0,3),
(1940,1,52,0,3),
(1941,1,53,0,3),
(1942,1,54,0,3),
(1943,1,55,0,3),
(1944,1,56,0,3),
(1945,1,57,0,3),
(1946,1,58,0,3),
(1947,1,59,0,3),
(1948,1,60,0,3),
(1949,1,61,0,3),
(1950,1,62,0,3),
(1951,1,63,0,3),
(1952,2,34,0,3),
(1953,2,35,0,3),
(1954,2,36,0,3),
(1955,2,37,0,3),
(1956,2,38,0,3),
(1957,2,39,0,3),
(1958,2,40,0,3),
(1959,2,41,0,3),
(1960,2,42,0,3),
(1961,2,43,0,3),
(1962,2,44,0,3),
(1963,2,45,0,3),
(1964,2,46,0,3),
(1965,2,47,0,3),
(1966,2,48,0,3),
(1967,2,49,0,3),
(1968,2,50,0,3),
(1969,2,51,0,3),
(1970,2,52,0,3),
(1971,2,53,0,3),
(1972,2,54,0,3),
(1973,2,55,0,3),
(1974,2,56,0,3),
(1975,2,57,0,3),
(1976,2,58,0,3),
(1977,2,59,0,3),
(1978,2,60,0,3),
(1979,2,61,0,3),
(1980,2,62,0,3),
(1981,2,63,0,3),
(1982,3,34,0,3),
(1983,3,35,0,3),
(1984,3,36,0,3),
(1985,3,37,0,3),
(1986,3,38,0,3),
(1987,3,39,0,3),
(1988,3,40,0,3),
(1989,3,41,0,3),
(1990,3,42,0,3),
(1991,3,43,0,3),
(1992,3,44,0,3),
(1993,3,45,0,3),
(1994,3,46,0,3),
(1995,3,47,0,3),
(1996,3,48,0,3),
(1997,3,49,0,3),
(1998,3,50,0,3),
(1999,3,51,0,3),
(2000,3,52,0,3),
(2001,3,53,0,3),
(2002,3,54,0,3),
(2003,3,55,0,3),
(2004,3,56,0,3),
(2005,3,57,0,3),
(2006,3,58,0,3),
(2007,3,59,0,3),
(2008,3,60,0,3),
(2009,3,61,0,3),
(2010,3,62,0,3),
(2011,3,63,0,3),
(2012,4,34,0,3),
(2013,4,35,0,3),
(2014,4,36,0,3),
(2015,4,37,0,3),
(2016,4,38,0,3),
(2017,4,39,0,3),
(2018,4,40,0,3),
(2019,4,41,0,3),
(2020,4,42,0,3),
(2021,4,43,0,3),
(2022,4,44,0,3),
(2023,4,45,0,3),
(2024,4,46,0,3),
(2025,4,47,0,3),
(2026,4,48,0,3),
(2027,4,49,0,3),
(2028,4,50,0,3),
(2029,4,51,0,3),
(2030,4,52,0,3),
(2031,4,53,0,3),
(2032,4,54,0,3),
(2033,4,55,0,3),
(2034,4,56,0,3),
(2035,4,57,0,3),
(2036,4,58,0,3),
(2037,4,59,0,3),
(2038,4,60,0,3),
(2039,4,61,0,3),
(2040,4,62,0,3),
(2041,4,63,0,3),
(2042,5,34,0,3),
(2043,5,35,0,3),
(2044,5,36,0,3),
(2045,5,37,0,3),
(2046,5,38,0,3),
(2047,5,39,0,3),
(2048,5,40,0,3),
(2049,5,41,0,3),
(2050,5,42,0,3),
(2051,5,43,0,3),
(2052,5,44,0,3),
(2053,5,45,0,3),
(2054,5,46,0,3),
(2055,5,47,0,3),
(2056,5,48,0,3),
(2057,5,49,0,3),
(2058,5,50,0,3),
(2059,5,51,0,3),
(2060,5,52,0,3),
(2061,5,53,0,3),
(2062,5,54,0,3),
(2063,5,55,0,3),
(2064,5,56,0,3),
(2065,5,57,0,3),
(2066,5,58,0,3),
(2067,5,59,0,3),
(2068,5,60,0,3),
(2069,5,61,0,3),
(2070,5,62,0,3),
(2071,5,63,0,3),
(2072,6,34,0,3),
(2073,6,35,0,3),
(2074,6,36,0,3),
(2075,6,37,0,3),
(2076,6,38,0,3),
(2077,6,39,0,3),
(2078,6,40,0,3),
(2079,6,41,0,3),
(2080,6,42,0,3),
(2081,6,43,0,3),
(2082,6,44,0,3),
(2083,6,45,0,3),
(2084,6,46,0,3),
(2085,6,47,0,3),
(2086,6,48,0,3),
(2087,6,49,0,3),
(2088,6,50,0,3),
(2089,6,51,0,3),
(2090,6,52,0,3),
(2091,6,53,0,3),
(2092,6,54,0,3),
(2093,6,55,0,3),
(2094,6,56,0,3),
(2095,6,57,0,3),
(2096,6,58,0,3),
(2097,6,59,0,3),
(2098,6,60,0,3),
(2099,6,61,0,3),
(2100,6,62,0,3),
(2101,6,63,0,3),
(2102,7,34,0,3),
(2103,7,35,0,3),
(2104,7,36,0,3),
(2105,7,37,0,3),
(2106,7,38,0,3),
(2107,7,39,0,3),
(2108,7,40,0,3),
(2109,7,41,0,3),
(2110,7,42,0,3),
(2111,7,43,0,3),
(2112,7,44,0,3),
(2113,7,45,0,3),
(2114,7,46,0,3),
(2115,7,47,0,3),
(2116,7,48,0,3),
(2117,7,49,0,3),
(2118,7,50,0,3),
(2119,7,51,0,3),
(2120,7,52,0,3),
(2121,7,53,0,3),
(2122,7,54,0,3),
(2123,7,55,0,3),
(2124,7,56,0,3),
(2125,7,57,0,3),
(2126,7,58,0,3),
(2127,7,59,0,3),
(2128,7,60,0,3),
(2129,7,61,0,3),
(2130,7,62,0,3),
(2131,7,63,0,3),
(2132,8,34,0,3),
(2133,8,35,0,3),
(2134,8,36,0,3),
(2135,8,37,0,3),
(2136,8,38,0,3),
(2137,8,39,0,3),
(2138,8,40,0,3),
(2139,8,41,0,3),
(2140,8,42,0,3),
(2141,8,43,0,3),
(2142,8,44,0,3),
(2143,8,45,0,3),
(2144,8,46,0,3),
(2145,8,47,0,3),
(2146,8,48,0,3),
(2147,8,49,0,3),
(2148,8,50,0,3),
(2149,8,51,0,3),
(2150,8,52,0,3),
(2151,8,53,0,3),
(2152,8,54,0,3),
(2153,8,55,0,3),
(2154,8,56,0,3),
(2155,8,57,0,3),
(2156,8,58,0,3),
(2157,8,59,0,3),
(2158,8,60,0,3),
(2159,8,61,0,3),
(2160,8,62,0,3),
(2161,8,63,0,3),
(2162,9,34,0,3),
(2163,9,35,0,3),
(2164,9,36,0,3),
(2165,9,37,0,3),
(2166,9,38,0,3),
(2167,9,39,0,3),
(2168,9,40,0,3),
(2169,9,41,0,3),
(2170,9,42,0,3),
(2171,9,43,0,3),
(2172,9,44,0,3),
(2173,9,45,0,3),
(2174,9,46,0,3),
(2175,9,47,0,3),
(2176,9,48,0,3),
(2177,9,49,0,3),
(2178,9,50,0,3),
(2179,9,51,0,3),
(2180,9,52,0,3),
(2181,9,53,0,3),
(2182,9,54,0,3),
(2183,9,55,0,3),
(2184,9,56,0,3),
(2185,9,57,0,3),
(2186,9,58,0,3),
(2187,9,59,0,3),
(2188,9,60,0,3),
(2189,9,61,0,3),
(2190,9,62,0,3),
(2191,9,63,0,3),
(2192,10,34,0,3),
(2193,10,35,0,3),
(2194,10,36,0,3),
(2195,10,37,0,3),
(2196,10,38,0,3),
(2197,10,39,0,3),
(2198,10,40,0,3),
(2199,10,41,0,3),
(2200,10,42,0,3),
(2201,10,43,0,3),
(2202,10,44,0,3),
(2203,10,45,0,3),
(2204,10,46,0,3),
(2205,10,47,0,3),
(2206,10,48,0,3),
(2207,10,49,0,3),
(2208,10,50,0,3),
(2209,10,51,0,3),
(2210,10,52,0,3),
(2211,10,53,0,3),
(2212,10,54,0,3),
(2213,10,55,0,3),
(2214,10,56,0,3),
(2215,10,57,0,3),
(2216,10,58,0,3),
(2217,10,59,0,3),
(2218,10,60,0,3),
(2219,10,61,0,3),
(2220,10,62,0,3),
(2221,10,63,0,3),
(2222,11,34,0,3),
(2223,11,35,0,3),
(2224,11,36,0,3),
(2225,11,37,0,3),
(2226,11,38,0,3),
(2227,11,39,0,3),
(2228,11,40,0,3),
(2229,11,41,0,3),
(2230,11,42,0,3),
(2231,11,43,0,3),
(2232,11,44,0,3),
(2233,11,45,0,3),
(2234,11,46,0,3),
(2235,11,47,0,3),
(2236,11,48,0,3),
(2237,11,49,0,3),
(2238,11,50,0,3),
(2239,11,51,0,3),
(2240,11,52,0,3),
(2241,11,53,0,3),
(2242,11,54,0,3),
(2243,11,55,0,3),
(2244,11,56,0,3),
(2245,11,57,0,3),
(2246,11,58,0,3),
(2247,11,59,0,3),
(2248,11,60,0,3),
(2249,11,61,0,3),
(2250,11,62,0,3),
(2251,11,63,0,3),
(2252,12,34,0,3),
(2253,12,35,0,3),
(2254,12,36,0,3),
(2255,12,37,0,3),
(2256,12,38,0,3),
(2257,12,39,0,3),
(2258,12,40,0,3),
(2259,12,41,0,3),
(2260,12,42,0,3),
(2261,12,43,0,3),
(2262,12,44,0,3),
(2263,12,45,0,3),
(2264,12,46,0,3),
(2265,12,47,0,3),
(2266,12,48,0,3),
(2267,12,49,0,3),
(2268,12,50,0,3),
(2269,12,51,0,3),
(2270,12,52,0,3),
(2271,12,53,0,3),
(2272,12,54,0,3),
(2273,12,55,0,3),
(2274,12,56,0,3),
(2275,12,57,0,3),
(2276,12,58,0,3),
(2277,12,59,0,3),
(2278,12,60,0,3),
(2279,12,61,0,3),
(2280,12,62,0,3),
(2281,12,63,0,3),
(2282,13,34,0,3),
(2283,13,35,0,3),
(2284,13,36,0,3),
(2285,13,37,0,3),
(2286,13,38,0,3),
(2287,13,39,0,3),
(2288,13,40,0,3),
(2289,13,41,0,3),
(2290,13,42,0,3),
(2291,13,43,0,3),
(2292,13,44,0,3),
(2293,13,45,0,3),
(2294,13,46,0,3),
(2295,13,47,0,3),
(2296,13,48,0,3),
(2297,13,49,0,3),
(2298,13,50,0,3),
(2299,13,51,0,3),
(2300,13,52,0,3),
(2301,13,53,0,3),
(2302,13,54,0,3),
(2303,13,55,0,3),
(2304,13,56,0,3),
(2305,13,57,0,3),
(2306,13,58,0,3),
(2307,13,59,0,3),
(2308,13,60,0,3),
(2309,13,61,0,3),
(2310,13,62,0,3),
(2311,13,63,0,3),
(2312,14,34,0,3),
(2313,14,35,0,3),
(2314,14,36,0,3),
(2315,14,37,0,3),
(2316,14,38,0,3),
(2317,14,39,0,3),
(2318,14,40,0,3),
(2319,14,41,0,3),
(2320,14,42,0,3),
(2321,14,43,0,3),
(2322,14,44,0,3),
(2323,14,45,0,3),
(2324,14,46,0,3),
(2325,14,47,0,3),
(2326,14,48,0,3),
(2327,14,49,0,3),
(2328,14,50,0,3),
(2329,14,51,0,3),
(2330,14,52,0,3),
(2331,14,53,0,3),
(2332,14,54,0,3),
(2333,14,55,0,3),
(2334,14,56,0,3),
(2335,14,57,0,3),
(2336,14,58,0,3),
(2337,14,59,0,3),
(2338,14,60,0,3),
(2339,14,61,0,3),
(2340,14,62,0,3),
(2341,14,63,0,3),
(2342,15,34,0,3),
(2343,15,35,0,3),
(2344,15,36,0,3),
(2345,15,37,0,3),
(2346,15,38,0,3),
(2347,15,39,0,3),
(2348,15,40,0,3),
(2349,15,41,0,3),
(2350,15,42,0,3),
(2351,15,43,0,3),
(2352,15,44,0,3),
(2353,15,45,0,3),
(2354,15,46,0,3),
(2355,15,47,0,3),
(2356,15,48,0,3),
(2357,15,49,0,3),
(2358,15,50,0,3),
(2359,15,51,0,3),
(2360,15,52,0,3),
(2361,15,53,0,3),
(2362,15,54,0,3),
(2363,15,55,0,3),
(2364,15,56,0,3),
(2365,15,57,0,3),
(2366,15,58,0,3),
(2367,15,59,0,3),
(2368,15,60,0,3),
(2369,15,61,0,3),
(2370,15,62,0,3),
(2371,15,63,0,3),
(2372,16,34,0,3),
(2373,16,35,0,3),
(2374,16,36,0,3),
(2375,16,37,0,3),
(2376,16,38,0,3),
(2377,16,39,0,3),
(2378,16,40,0,3),
(2379,16,41,0,3),
(2380,16,42,0,3),
(2381,16,43,0,3),
(2382,16,44,0,3),
(2383,16,45,0,3),
(2384,16,46,0,3),
(2385,16,47,0,3),
(2386,16,48,0,3),
(2387,16,49,0,3),
(2388,16,50,0,3),
(2389,16,51,0,3),
(2390,16,52,0,3),
(2391,16,53,0,3),
(2392,16,54,0,3),
(2393,16,55,0,3),
(2394,16,56,0,3),
(2395,16,57,0,3),
(2396,16,58,0,3),
(2397,16,59,0,3),
(2398,16,60,0,3),
(2399,16,61,0,3),
(2400,16,62,0,3),
(2401,16,63,0,3),
(2402,17,34,0,3),
(2403,17,35,0,3),
(2404,17,36,0,3),
(2405,17,37,0,3),
(2406,17,38,0,3),
(2407,17,39,0,3),
(2408,17,40,0,3),
(2409,17,41,0,3),
(2410,17,42,0,3),
(2411,17,43,0,3),
(2412,17,44,0,3),
(2413,17,45,0,3),
(2414,17,46,0,3),
(2415,17,47,0,3),
(2416,17,48,0,3),
(2417,17,49,0,3),
(2418,17,50,0,3),
(2419,17,51,0,3),
(2420,17,52,0,3),
(2421,17,53,0,3),
(2422,17,54,0,3),
(2423,17,55,0,3),
(2424,17,56,0,3),
(2425,17,57,0,3),
(2426,17,58,0,3),
(2427,17,59,0,3),
(2428,17,60,0,3),
(2429,17,61,0,3),
(2430,17,62,0,3),
(2431,17,63,0,3),
(2432,18,34,0,3),
(2433,18,35,0,3),
(2434,18,36,0,3),
(2435,18,37,0,3),
(2436,18,38,0,3),
(2437,18,39,0,3),
(2438,18,40,0,3),
(2439,18,41,0,3),
(2440,18,42,0,3),
(2441,18,43,0,3),
(2442,18,44,0,3),
(2443,18,45,0,3),
(2444,18,46,0,3),
(2445,18,47,0,3),
(2446,18,48,0,3),
(2447,18,49,0,3),
(2448,18,50,0,3),
(2449,18,51,0,3),
(2450,18,52,0,3),
(2451,18,53,0,3),
(2452,18,54,0,3),
(2453,18,55,0,3),
(2454,18,56,0,3),
(2455,18,57,0,3),
(2456,18,58,0,3),
(2457,18,59,0,3),
(2458,18,60,0,3),
(2459,18,61,0,3),
(2460,18,62,0,3),
(2461,18,63,0,3),
(2462,19,34,0,3),
(2463,19,35,0,3),
(2464,19,36,0,3),
(2465,19,37,0,3),
(2466,19,38,0,3),
(2467,19,39,0,3),
(2468,19,40,0,3),
(2469,19,41,0,3),
(2470,19,42,0,3),
(2471,19,43,0,3),
(2472,19,44,0,3),
(2473,19,45,0,3),
(2474,19,46,0,3),
(2475,19,47,0,3),
(2476,19,48,0,3),
(2477,19,49,0,3),
(2478,19,50,0,3),
(2479,19,51,0,3),
(2480,19,52,0,3),
(2481,19,53,0,3),
(2482,19,54,0,3),
(2483,19,55,0,3),
(2484,19,56,0,3),
(2485,19,57,0,3),
(2486,19,58,0,3),
(2487,19,59,0,3),
(2488,19,60,0,3),
(2489,19,61,0,3),
(2490,19,62,0,3),
(2491,19,63,0,3),
(2492,20,34,0,3),
(2493,20,35,0,3),
(2494,20,36,0,3),
(2495,20,37,0,3),
(2496,20,38,0,3),
(2497,20,39,0,3),
(2498,20,40,0,3),
(2499,20,41,0,3),
(2500,20,42,0,3),
(2501,20,43,0,3),
(2502,20,44,0,3),
(2503,20,45,0,3),
(2504,20,46,0,3),
(2505,20,47,0,3),
(2506,20,48,0,3),
(2507,20,49,0,3),
(2508,20,50,0,3),
(2509,20,51,0,3),
(2510,20,52,0,3),
(2511,20,53,0,3),
(2512,20,54,0,3),
(2513,20,55,0,3),
(2514,20,56,0,3),
(2515,20,57,0,3),
(2516,20,58,0,3),
(2517,20,59,0,3),
(2518,20,60,0,3),
(2519,20,61,0,3),
(2520,20,62,0,3),
(2521,20,63,0,3),
(2522,21,34,0,3),
(2523,21,35,0,3),
(2524,21,36,0,3),
(2525,21,37,0,3),
(2526,21,38,0,3),
(2527,21,39,0,3),
(2528,21,40,0,3),
(2529,21,41,0,3),
(2530,21,42,0,3),
(2531,21,43,0,3),
(2532,21,44,0,3),
(2533,21,45,0,3),
(2534,21,46,0,3),
(2535,21,47,0,3),
(2536,21,48,0,3),
(2537,21,49,0,3),
(2538,21,50,0,3),
(2539,21,51,0,3),
(2540,21,52,0,3),
(2541,21,53,0,3),
(2542,21,54,0,3),
(2543,21,55,0,3),
(2544,21,56,0,3),
(2545,21,57,0,3),
(2546,21,58,0,3),
(2547,21,59,0,3),
(2548,21,60,0,3),
(2549,21,61,0,3),
(2550,21,62,0,3),
(2551,21,63,0,3),
(2552,22,34,0,3),
(2553,22,35,0,3),
(2554,22,36,0,3),
(2555,22,37,0,3),
(2556,22,38,0,3),
(2557,22,39,0,3),
(2558,22,40,0,3),
(2559,22,41,0,3),
(2560,22,42,0,3),
(2561,22,43,0,3),
(2562,22,44,0,3),
(2563,22,45,0,3),
(2564,22,46,0,3),
(2565,22,47,0,3),
(2566,22,48,0,3),
(2567,22,49,0,3),
(2568,22,50,0,3),
(2569,22,51,0,3),
(2570,22,52,0,3),
(2571,22,53,0,3),
(2572,22,54,0,3),
(2573,22,55,0,3),
(2574,22,56,0,3),
(2575,22,57,0,3),
(2576,22,58,0,3),
(2577,22,59,0,3),
(2578,22,60,0,3),
(2579,22,61,0,3),
(2580,22,62,0,3),
(2581,22,63,0,3),
(2582,23,34,0,3),
(2583,23,35,0,3),
(2584,23,36,0,3),
(2585,23,37,0,3),
(2586,23,38,0,3),
(2587,23,39,0,3),
(2588,23,40,0,3),
(2589,23,41,0,3),
(2590,23,42,0,3),
(2591,23,43,0,3),
(2592,23,44,0,3),
(2593,23,45,0,3),
(2594,23,46,0,3),
(2595,23,47,0,3),
(2596,23,48,0,3),
(2597,23,49,0,3),
(2598,23,50,0,3),
(2599,23,51,0,3),
(2600,23,52,0,3),
(2601,23,53,0,3),
(2602,23,54,0,3),
(2603,23,55,0,3),
(2604,23,56,0,3),
(2605,23,57,0,3),
(2606,23,58,0,3),
(2607,23,59,0,3),
(2608,23,60,0,3),
(2609,23,61,0,3),
(2610,23,62,0,3),
(2611,23,63,0,3),
(2612,24,34,0,3),
(2613,24,35,0,3),
(2614,24,36,0,3),
(2615,24,37,0,3),
(2616,24,38,0,3),
(2617,24,39,0,3),
(2618,24,40,0,3),
(2619,24,41,0,3),
(2620,24,42,0,3),
(2621,24,43,0,3),
(2622,24,44,0,3),
(2623,24,45,0,3),
(2624,24,46,0,3),
(2625,24,47,0,3),
(2626,24,48,0,3),
(2627,24,49,0,3),
(2628,24,50,0,3),
(2629,24,51,0,3),
(2630,24,52,0,3),
(2631,24,53,0,3),
(2632,24,54,0,3),
(2633,24,55,0,3),
(2634,24,56,0,3),
(2635,24,57,0,3),
(2636,24,58,0,3),
(2637,24,59,0,3),
(2638,24,60,0,3),
(2639,24,61,0,3),
(2640,24,62,0,3),
(2641,24,63,0,3),
(2642,25,34,0,3),
(2643,25,35,0,3),
(2644,25,36,0,3),
(2645,25,37,0,3),
(2646,25,38,0,3),
(2647,25,39,0,3),
(2648,25,40,0,3),
(2649,25,41,0,3),
(2650,25,42,0,3),
(2651,25,43,0,3),
(2652,25,44,0,3),
(2653,25,45,0,3),
(2654,25,46,0,3),
(2655,25,47,0,3),
(2656,25,48,0,3),
(2657,25,49,0,3),
(2658,25,50,0,3),
(2659,25,51,0,3),
(2660,25,52,0,3),
(2661,25,53,0,3),
(2662,25,54,0,3),
(2663,25,55,0,3),
(2664,25,56,0,3),
(2665,25,57,0,3),
(2666,25,58,0,3),
(2667,25,59,0,3),
(2668,25,60,0,3),
(2669,25,61,0,3),
(2670,25,62,0,3),
(2671,25,63,0,3),
(2672,26,34,0,3),
(2673,26,35,0,3),
(2674,26,36,0,3),
(2675,26,37,0,3),
(2676,26,38,0,3),
(2677,26,39,0,3),
(2678,26,40,0,3),
(2679,26,41,0,3),
(2680,26,42,0,3),
(2681,26,43,0,3),
(2682,26,44,0,3),
(2683,26,45,0,3),
(2684,26,46,0,3),
(2685,26,47,0,3),
(2686,26,48,0,3),
(2687,26,49,0,3),
(2688,26,50,0,3),
(2689,26,51,0,3),
(2690,26,52,0,3),
(2691,26,53,0,3),
(2692,26,54,0,3),
(2693,26,55,0,3),
(2694,26,56,0,3),
(2695,26,57,0,3),
(2696,26,58,0,3),
(2697,26,59,0,3),
(2698,26,60,0,3),
(2699,26,61,0,3),
(2700,26,62,0,3),
(2701,26,63,0,3),
(2702,27,34,0,3),
(2703,27,35,0,3),
(2704,27,36,0,3),
(2705,27,37,0,3),
(2706,27,38,0,3),
(2707,27,39,0,3),
(2708,27,40,0,3),
(2709,27,41,0,3),
(2710,27,42,0,3),
(2711,27,43,0,3),
(2712,27,44,0,3),
(2713,27,45,0,3),
(2714,27,46,0,3),
(2715,27,47,0,3),
(2716,27,48,0,3),
(2717,27,49,0,3),
(2718,27,50,0,3),
(2719,27,51,0,3),
(2720,27,52,0,3),
(2721,27,53,0,3),
(2722,27,54,0,3),
(2723,27,55,0,3),
(2724,27,56,0,3),
(2725,27,57,0,3),
(2726,27,58,0,3),
(2727,27,59,0,3),
(2728,27,60,0,3),
(2729,27,61,0,3),
(2730,27,62,0,3),
(2731,27,63,0,3),
(2732,28,34,0,3),
(2733,28,35,0,3),
(2734,28,36,0,3),
(2735,28,37,0,3),
(2736,28,38,0,3),
(2737,28,39,0,3),
(2738,28,40,0,3),
(2739,28,41,0,3),
(2740,28,42,0,3),
(2741,28,43,0,3),
(2742,28,44,0,3),
(2743,28,45,0,3),
(2744,28,46,0,3),
(2745,28,47,0,3),
(2746,28,48,0,3),
(2747,28,49,0,3),
(2748,28,50,0,3),
(2749,28,51,0,3),
(2750,28,52,0,3),
(2751,28,53,0,3),
(2752,28,54,0,3),
(2753,28,55,0,3),
(2754,28,56,0,3),
(2755,28,57,0,3),
(2756,28,58,0,3),
(2757,28,59,0,3),
(2758,28,60,0,3),
(2759,28,61,0,3),
(2760,28,62,0,3),
(2761,28,63,0,3),
(2762,29,34,0,3),
(2763,29,35,0,3),
(2764,29,36,0,3),
(2765,29,37,0,3),
(2766,29,38,0,3),
(2767,29,39,0,3),
(2768,29,40,0,3),
(2769,29,41,0,3),
(2770,29,42,0,3),
(2771,29,43,0,3),
(2772,29,44,0,3),
(2773,29,45,0,3),
(2774,29,46,0,3),
(2775,29,47,0,3),
(2776,29,48,0,3),
(2777,29,49,0,3),
(2778,29,50,0,3),
(2779,29,51,0,3),
(2780,29,52,0,3),
(2781,29,53,0,3),
(2782,29,54,0,3),
(2783,29,55,0,3),
(2784,29,56,0,3),
(2785,29,57,0,3),
(2786,29,58,0,3),
(2787,29,59,0,3),
(2788,29,60,0,3),
(2789,29,61,0,3),
(2790,29,62,0,3),
(2791,29,63,0,3),
(2792,30,34,0,3),
(2793,30,35,0,3),
(2794,30,36,0,3),
(2795,30,37,0,3),
(2796,30,38,0,3),
(2797,30,39,0,3),
(2798,30,40,0,3),
(2799,30,41,0,3),
(2800,30,42,0,3),
(2801,30,43,0,3),
(2802,30,44,0,3),
(2803,30,45,0,3),
(2804,30,46,0,3),
(2805,30,47,0,3),
(2806,30,48,0,3),
(2807,30,49,0,3),
(2808,30,50,0,3),
(2809,30,51,0,3),
(2810,30,52,0,3),
(2811,30,53,0,3),
(2812,30,54,0,3),
(2813,30,55,0,3),
(2814,30,56,0,3),
(2815,30,57,0,3),
(2816,30,58,0,3),
(2817,30,59,0,3),
(2818,30,60,0,3),
(2819,30,61,0,3),
(2820,30,62,0,3),
(2821,30,63,0,3),
(2822,34,34,0,4),
(2823,34,35,0,4),
(2824,34,36,0,4),
(2825,34,37,0,4),
(2826,34,38,0,4),
(2827,34,39,0,4),
(2828,34,40,0,4),
(2829,34,41,0,4),
(2830,34,42,0,4),
(2831,34,43,0,4),
(2832,34,44,0,4),
(2833,34,45,0,4),
(2834,34,46,0,4),
(2835,34,47,0,4),
(2836,34,48,0,4),
(2837,34,49,0,4),
(2838,34,50,0,4),
(2839,34,51,0,4),
(2840,34,52,0,4),
(2841,34,53,0,4),
(2842,34,54,0,4),
(2843,34,55,0,4),
(2844,34,56,0,4),
(2845,34,57,0,4),
(2846,34,58,0,4),
(2847,34,59,0,4),
(2848,34,60,0,4),
(2849,34,61,0,4),
(2850,34,62,0,4),
(2851,34,63,0,4),
(2852,35,34,0,4),
(2853,35,35,0,4),
(2854,35,36,0,4),
(2855,35,37,0,4),
(2856,35,38,0,4),
(2857,35,39,0,4),
(2858,35,40,0,4),
(2859,35,41,0,4),
(2860,35,42,0,4),
(2861,35,43,0,4),
(2862,35,44,0,4),
(2863,35,45,0,4),
(2864,35,46,0,4),
(2865,35,47,0,4),
(2866,35,48,0,4),
(2867,35,49,0,4),
(2868,35,50,0,4),
(2869,35,51,0,4),
(2870,35,52,0,4),
(2871,35,53,0,4),
(2872,35,54,0,4),
(2873,35,55,0,4),
(2874,35,56,0,4),
(2875,35,57,0,4),
(2876,35,58,0,4),
(2877,35,59,0,4),
(2878,35,60,0,4),
(2879,35,61,0,4),
(2880,35,62,0,4),
(2881,35,63,0,4),
(2882,36,34,0,4),
(2883,36,35,0,4),
(2884,36,36,0,4),
(2885,36,37,0,4),
(2886,36,38,0,4),
(2887,36,39,0,4),
(2888,36,40,0,4),
(2889,36,41,0,4),
(2890,36,42,0,4),
(2891,36,43,0,4),
(2892,36,44,0,4),
(2893,36,45,0,4),
(2894,36,46,0,4),
(2895,36,47,0,4),
(2896,36,48,0,4),
(2897,36,49,0,4),
(2898,36,50,0,4),
(2899,36,51,0,4),
(2900,36,52,0,4),
(2901,36,53,0,4),
(2902,36,54,0,4),
(2903,36,55,0,4),
(2904,36,56,0,4),
(2905,36,57,0,4),
(2906,36,58,0,4),
(2907,36,59,0,4),
(2908,36,60,0,4),
(2909,36,61,0,4),
(2910,36,62,0,4),
(2911,36,63,0,4),
(2912,37,34,0,4),
(2913,37,35,0,4),
(2914,37,36,0,4),
(2915,37,37,0,4),
(2916,37,38,0,4),
(2917,37,39,0,4),
(2918,37,40,0,4),
(2919,37,41,0,4),
(2920,37,42,0,4),
(2921,37,43,0,4),
(2922,37,44,0,4),
(2923,37,45,0,4),
(2924,37,46,0,4),
(2925,37,47,0,4),
(2926,37,48,0,4),
(2927,37,49,0,4),
(2928,37,50,0,4),
(2929,37,51,0,4),
(2930,37,52,0,4),
(2931,37,53,0,4),
(2932,37,54,0,4),
(2933,37,55,0,4),
(2934,37,56,0,4),
(2935,37,57,0,4),
(2936,37,58,0,4),
(2937,37,59,0,4),
(2938,37,60,0,4),
(2939,37,61,0,4),
(2940,37,62,0,4),
(2941,37,63,0,4),
(2942,38,34,0,4),
(2943,38,35,0,4),
(2944,38,36,0,4),
(2945,38,37,0,4),
(2946,38,38,0,4),
(2947,38,39,0,4),
(2948,38,40,0,4),
(2949,38,41,0,4),
(2950,38,42,0,4),
(2951,38,43,0,4),
(2952,38,44,0,4),
(2953,38,45,0,4),
(2954,38,46,0,4),
(2955,38,47,0,4),
(2956,38,48,0,4),
(2957,38,49,0,4),
(2958,38,50,0,4),
(2959,38,51,0,4),
(2960,38,52,0,4),
(2961,38,53,0,4),
(2962,38,54,0,4),
(2963,38,55,0,4),
(2964,38,56,0,4),
(2965,38,57,0,4),
(2966,38,58,0,4),
(2967,38,59,0,4),
(2968,38,60,0,4),
(2969,38,61,0,4),
(2970,38,62,0,4),
(2971,38,63,0,4),
(2972,39,34,0,4),
(2973,39,35,0,4),
(2974,39,36,0,4),
(2975,39,37,0,4),
(2976,39,38,0,4),
(2977,39,39,0,4),
(2978,39,40,0,4),
(2979,39,41,0,4),
(2980,39,42,0,4),
(2981,39,43,0,4),
(2982,39,44,0,4),
(2983,39,45,0,4),
(2984,39,46,0,4),
(2985,39,47,0,4),
(2986,39,48,0,4),
(2987,39,49,0,4),
(2988,39,50,0,4),
(2989,39,51,0,4),
(2990,39,52,0,4),
(2991,39,53,0,4),
(2992,39,54,0,4),
(2993,39,55,0,4),
(2994,39,56,0,4),
(2995,39,57,0,4),
(2996,39,58,0,4),
(2997,39,59,0,4),
(2998,39,60,0,4),
(2999,39,61,0,4),
(3000,39,62,0,4),
(3001,39,63,0,4),
(3002,40,34,0,4),
(3003,40,35,0,4),
(3004,40,36,0,4),
(3005,40,37,0,4),
(3006,40,38,0,4),
(3007,40,39,0,4),
(3008,40,40,0,4),
(3009,40,41,0,4),
(3010,40,42,0,4),
(3011,40,43,0,4),
(3012,40,44,0,4),
(3013,40,45,0,4),
(3014,40,46,0,4),
(3015,40,47,0,4),
(3016,40,48,0,4),
(3017,40,49,0,4),
(3018,40,50,0,4),
(3019,40,51,0,4),
(3020,40,52,0,4),
(3021,40,53,0,4),
(3022,40,54,0,4),
(3023,40,55,0,4),
(3024,40,56,0,4),
(3025,40,57,0,4),
(3026,40,58,0,4),
(3027,40,59,0,4),
(3028,40,60,0,4),
(3029,40,61,0,4),
(3030,40,62,0,4),
(3031,40,63,0,4),
(3032,41,34,0,4),
(3033,41,35,0,4),
(3034,41,36,0,4),
(3035,41,37,0,4),
(3036,41,38,0,4),
(3037,41,39,0,4),
(3038,41,40,0,4),
(3039,41,41,0,4),
(3040,41,42,0,4),
(3041,41,43,0,4),
(3042,41,44,0,4),
(3043,41,45,0,4),
(3044,41,46,0,4),
(3045,41,47,0,4),
(3046,41,48,0,4),
(3047,41,49,0,4),
(3048,41,50,0,4),
(3049,41,51,0,4),
(3050,41,52,0,4),
(3051,41,53,0,4),
(3052,41,54,0,4),
(3053,41,55,0,4),
(3054,41,56,0,4),
(3055,41,57,0,4),
(3056,41,58,0,4),
(3057,41,59,0,4),
(3058,41,60,0,4),
(3059,41,61,0,4),
(3060,41,62,0,4),
(3061,41,63,0,4),
(3062,42,34,0,4),
(3063,42,35,0,4),
(3064,42,36,0,4),
(3065,42,37,0,4),
(3066,42,38,0,4),
(3067,42,39,0,4),
(3068,42,40,0,4),
(3069,42,41,0,4),
(3070,42,42,0,4),
(3071,42,43,0,4),
(3072,42,44,0,4),
(3073,42,45,0,4),
(3074,42,46,0,4),
(3075,42,47,0,4),
(3076,42,48,0,4),
(3077,42,49,0,4),
(3078,42,50,0,4),
(3079,42,51,0,4),
(3080,42,52,0,4),
(3081,42,53,0,4),
(3082,42,54,0,4),
(3083,42,55,0,4),
(3084,42,56,0,4),
(3085,42,57,0,4),
(3086,42,58,0,4),
(3087,42,59,0,4),
(3088,42,60,0,4),
(3089,42,61,0,4),
(3090,42,62,0,4),
(3091,42,63,0,4),
(3092,43,34,0,4),
(3093,43,35,0,4),
(3094,43,36,0,4),
(3095,43,37,0,4),
(3096,43,38,0,4),
(3097,43,39,0,4),
(3098,43,40,0,4),
(3099,43,41,0,4),
(3100,43,42,0,4),
(3101,43,43,0,4),
(3102,43,44,0,4),
(3103,43,45,0,4),
(3104,43,46,0,4),
(3105,43,47,0,4),
(3106,43,48,0,4),
(3107,43,49,0,4),
(3108,43,50,0,4),
(3109,43,51,0,4),
(3110,43,52,0,4),
(3111,43,53,0,4),
(3112,43,54,0,4),
(3113,43,55,0,4),
(3114,43,56,0,4),
(3115,43,57,0,4),
(3116,43,58,0,4),
(3117,43,59,0,4),
(3118,43,60,0,4),
(3119,43,61,0,4),
(3120,43,62,0,4),
(3121,43,63,0,4),
(3122,44,34,0,4),
(3123,44,35,0,4),
(3124,44,36,0,4),
(3125,44,37,0,4),
(3126,44,38,0,4),
(3127,44,39,0,4),
(3128,44,40,0,4),
(3129,44,41,0,4),
(3130,44,42,0,4),
(3131,44,43,0,4),
(3132,44,44,0,4),
(3133,44,45,0,4),
(3134,44,46,0,4),
(3135,44,47,0,4),
(3136,44,48,0,4),
(3137,44,49,0,4),
(3138,44,50,0,4),
(3139,44,51,0,4),
(3140,44,52,0,4),
(3141,44,53,0,4),
(3142,44,54,0,4),
(3143,44,55,0,4),
(3144,44,56,0,4),
(3145,44,57,0,4),
(3146,44,58,0,4),
(3147,44,59,0,4),
(3148,44,60,0,4),
(3149,44,61,0,4),
(3150,44,62,0,4),
(3151,44,63,0,4),
(3152,45,34,0,4),
(3153,45,35,0,4),
(3154,45,36,0,4),
(3155,45,37,0,4),
(3156,45,38,0,4),
(3157,45,39,0,4),
(3158,45,40,0,4),
(3159,45,41,0,4),
(3160,45,42,0,4),
(3161,45,43,0,4),
(3162,45,44,0,4),
(3163,45,45,0,4),
(3164,45,46,0,4),
(3165,45,47,0,4),
(3166,45,48,0,4),
(3167,45,49,0,4),
(3168,45,50,0,4),
(3169,45,51,0,4),
(3170,45,52,0,4),
(3171,45,53,0,4),
(3172,45,54,0,4),
(3173,45,55,0,4),
(3174,45,56,0,4),
(3175,45,57,0,4),
(3176,45,58,0,4),
(3177,45,59,0,4),
(3178,45,60,0,4),
(3179,45,61,0,4),
(3180,45,62,0,4),
(3181,45,63,0,4),
(3182,46,34,0,4),
(3183,46,35,0,4),
(3184,46,36,0,4),
(3185,46,37,0,4),
(3186,46,38,0,4),
(3187,46,39,0,4),
(3188,46,40,0,4),
(3189,46,41,0,4),
(3190,46,42,0,4),
(3191,46,43,0,4),
(3192,46,44,0,4),
(3193,46,45,0,4),
(3194,46,46,0,4),
(3195,46,47,0,4),
(3196,46,48,0,4),
(3197,46,49,0,4),
(3198,46,50,0,4),
(3199,46,51,0,4),
(3200,46,52,0,4),
(3201,46,53,0,4),
(3202,46,54,0,4),
(3203,46,55,0,4),
(3204,46,56,0,4),
(3205,46,57,0,4),
(3206,46,58,0,4),
(3207,46,59,0,4),
(3208,46,60,0,4),
(3209,46,61,0,4),
(3210,46,62,0,4),
(3211,46,63,0,4),
(3212,47,34,0,4),
(3213,47,35,0,4),
(3214,47,36,0,4),
(3215,47,37,0,4),
(3216,47,38,0,4),
(3217,47,39,0,4),
(3218,47,40,0,4),
(3219,47,41,0,4),
(3220,47,42,0,4),
(3221,47,43,0,4),
(3222,47,44,0,4),
(3223,47,45,0,4),
(3224,47,46,0,4),
(3225,47,47,0,4),
(3226,47,48,0,4),
(3227,47,49,0,4),
(3228,47,50,0,4),
(3229,47,51,0,4),
(3230,47,52,0,4),
(3231,47,53,0,4),
(3232,47,54,0,4),
(3233,47,55,0,4),
(3234,47,56,0,4),
(3235,47,57,0,4),
(3236,47,58,0,4),
(3237,47,59,0,4),
(3238,47,60,0,4),
(3239,47,61,0,4),
(3240,47,62,0,4),
(3241,47,63,0,4),
(3242,48,34,0,4),
(3243,48,35,0,4),
(3244,48,36,0,4),
(3245,48,37,0,4),
(3246,48,38,0,4),
(3247,48,39,0,4),
(3248,48,40,0,4),
(3249,48,41,0,4),
(3250,48,42,0,4),
(3251,48,43,0,4),
(3252,48,44,0,4),
(3253,48,45,0,4),
(3254,48,46,0,4),
(3255,48,47,0,4),
(3256,48,48,0,4),
(3257,48,49,0,4),
(3258,48,50,0,4),
(3259,48,51,0,4),
(3260,48,52,0,4),
(3261,48,53,0,4),
(3262,48,54,0,4),
(3263,48,55,0,4),
(3264,48,56,0,4),
(3265,48,57,0,4),
(3266,48,58,0,4),
(3267,48,59,0,4),
(3268,48,60,0,4),
(3269,48,61,0,4),
(3270,48,62,0,4),
(3271,48,63,0,4),
(3272,49,34,0,4),
(3273,49,35,0,4),
(3274,49,36,0,4),
(3275,49,37,0,4),
(3276,49,38,0,4),
(3277,49,39,0,4),
(3278,49,40,0,4),
(3279,49,41,0,4),
(3280,49,42,0,4),
(3281,49,43,0,4),
(3282,49,44,0,4),
(3283,49,45,0,4),
(3284,49,46,0,4),
(3285,49,47,0,4),
(3286,49,48,0,4),
(3287,49,49,0,4),
(3288,49,50,0,4),
(3289,49,51,0,4),
(3290,49,52,0,4),
(3291,49,53,0,4),
(3292,49,54,0,4),
(3293,49,55,0,4),
(3294,49,56,0,4),
(3295,49,57,0,4),
(3296,49,58,0,4),
(3297,49,59,0,4),
(3298,49,60,0,4),
(3299,49,61,0,4),
(3300,49,62,0,4),
(3301,49,63,0,4),
(3302,50,34,0,4),
(3303,50,35,0,4),
(3304,50,36,0,4),
(3305,50,37,0,4),
(3306,50,38,0,4),
(3307,50,39,0,4),
(3308,50,40,0,4),
(3309,50,41,0,4),
(3310,50,42,0,4),
(3311,50,43,0,4),
(3312,50,44,0,4),
(3313,50,45,0,4),
(3314,50,46,0,4),
(3315,50,47,0,4),
(3316,50,48,0,4),
(3317,50,49,0,4),
(3318,50,50,0,4),
(3319,50,51,0,4),
(3320,50,52,0,4),
(3321,50,53,0,4),
(3322,50,54,0,4),
(3323,50,55,0,4),
(3324,50,56,0,4),
(3325,50,57,0,4),
(3326,50,58,0,4),
(3327,50,59,0,4),
(3328,50,60,0,4),
(3329,50,61,0,4),
(3330,50,62,0,4),
(3331,50,63,0,4),
(3332,51,34,0,4),
(3333,51,35,0,4),
(3334,51,36,0,4),
(3335,51,37,0,4),
(3336,51,38,0,4),
(3337,51,39,0,4),
(3338,51,40,0,4),
(3339,51,41,0,4),
(3340,51,42,0,4),
(3341,51,43,0,4),
(3342,51,44,0,4),
(3343,51,45,0,4),
(3344,51,46,0,4),
(3345,51,47,0,4),
(3346,51,48,0,4),
(3347,51,49,0,4),
(3348,51,50,0,4),
(3349,51,51,0,4),
(3350,51,52,0,4),
(3351,51,53,0,4),
(3352,51,54,0,4),
(3353,51,55,0,4),
(3354,51,56,0,4),
(3355,51,57,0,4),
(3356,51,58,0,4),
(3357,51,59,0,4),
(3358,51,60,0,4),
(3359,51,61,0,4),
(3360,51,62,0,4),
(3361,51,63,0,4),
(3362,52,34,0,4),
(3363,52,35,0,4),
(3364,52,36,0,4),
(3365,52,37,0,4),
(3366,52,38,0,4),
(3367,52,39,0,4),
(3368,52,40,0,4),
(3369,52,41,0,4),
(3370,52,42,0,4),
(3371,52,43,0,4),
(3372,52,44,0,4),
(3373,52,45,0,4),
(3374,52,46,0,4),
(3375,52,47,0,4),
(3376,52,48,0,4),
(3377,52,49,0,4),
(3378,52,50,0,4),
(3379,52,51,0,4),
(3380,52,52,0,4),
(3381,52,53,0,4),
(3382,52,54,0,4),
(3383,52,55,0,4),
(3384,52,56,0,4),
(3385,52,57,0,4),
(3386,52,58,0,4),
(3387,52,59,0,4),
(3388,52,60,0,4),
(3389,52,61,0,4),
(3390,52,62,0,4),
(3391,52,63,0,4),
(3392,53,34,0,4),
(3393,53,35,0,4),
(3394,53,36,0,4),
(3395,53,37,0,4),
(3396,53,38,0,4),
(3397,53,39,0,4),
(3398,53,40,0,4),
(3399,53,41,0,4),
(3400,53,42,0,4),
(3401,53,43,0,4),
(3402,53,44,0,4),
(3403,53,45,0,4),
(3404,53,46,0,4),
(3405,53,47,0,4),
(3406,53,48,0,4),
(3407,53,49,0,4),
(3408,53,50,0,4),
(3409,53,51,0,4),
(3410,53,52,0,4),
(3411,53,53,0,4),
(3412,53,54,0,4),
(3413,53,55,0,4),
(3414,53,56,0,4),
(3415,53,57,0,4),
(3416,53,58,0,4),
(3417,53,59,0,4),
(3418,53,60,0,4),
(3419,53,61,0,4),
(3420,53,62,0,4),
(3421,53,63,0,4),
(3422,54,34,0,4),
(3423,54,35,0,4),
(3424,54,36,0,4),
(3425,54,37,0,4),
(3426,54,38,0,4),
(3427,54,39,0,4),
(3428,54,40,0,4),
(3429,54,41,0,4),
(3430,54,42,0,4),
(3431,54,43,0,4),
(3432,54,44,0,4),
(3433,54,45,0,4),
(3434,54,46,0,4),
(3435,54,47,0,4),
(3436,54,48,0,4),
(3437,54,49,0,4),
(3438,54,50,0,4),
(3439,54,51,0,4),
(3440,54,52,0,4),
(3441,54,53,0,4),
(3442,54,54,0,4),
(3443,54,55,0,4),
(3444,54,56,0,4),
(3445,54,57,0,4),
(3446,54,58,0,4),
(3447,54,59,0,4),
(3448,54,60,0,4),
(3449,54,61,0,4),
(3450,54,62,0,4),
(3451,54,63,0,4),
(3452,55,34,0,4),
(3453,55,35,0,4),
(3454,55,36,0,4),
(3455,55,37,0,4),
(3456,55,38,0,4),
(3457,55,39,0,4),
(3458,55,40,0,4),
(3459,55,41,0,4),
(3460,55,42,0,4),
(3461,55,43,0,4),
(3462,55,44,0,4),
(3463,55,45,0,4),
(3464,55,46,0,4),
(3465,55,47,0,4),
(3466,55,48,0,4),
(3467,55,49,0,4),
(3468,55,50,0,4),
(3469,55,51,0,4),
(3470,55,52,0,4),
(3471,55,53,0,4),
(3472,55,54,0,4),
(3473,55,55,0,4),
(3474,55,56,0,4),
(3475,55,57,0,4),
(3476,55,58,0,4),
(3477,55,59,0,4),
(3478,55,60,0,4),
(3479,55,61,0,4),
(3480,55,62,0,4),
(3481,55,63,0,4),
(3482,56,34,0,4),
(3483,56,35,0,4),
(3484,56,36,0,4),
(3485,56,37,0,4),
(3486,56,38,0,4),
(3487,56,39,0,4),
(3488,56,40,0,4),
(3489,56,41,0,4),
(3490,56,42,0,4),
(3491,56,43,0,4),
(3492,56,44,0,4),
(3493,56,45,0,4),
(3494,56,46,0,4),
(3495,56,47,0,4),
(3496,56,48,0,4),
(3497,56,49,0,4),
(3498,56,50,0,4),
(3499,56,51,0,4),
(3500,56,52,0,4),
(3501,56,53,0,4),
(3502,56,54,0,4),
(3503,56,55,0,4),
(3504,56,56,0,4),
(3505,56,57,0,4),
(3506,56,58,0,4),
(3507,56,59,0,4),
(3508,56,60,0,4),
(3509,56,61,0,4),
(3510,56,62,0,4),
(3511,56,63,0,4),
(3512,57,34,0,4),
(3513,57,35,0,4),
(3514,57,36,0,4),
(3515,57,37,0,4),
(3516,57,38,0,4),
(3517,57,39,0,4),
(3518,57,40,0,4),
(3519,57,41,0,4),
(3520,57,42,0,4),
(3521,57,43,0,4),
(3522,57,44,0,4),
(3523,57,45,0,4),
(3524,57,46,0,4),
(3525,57,47,0,4),
(3526,57,48,0,4),
(3527,57,49,0,4),
(3528,57,50,0,4),
(3529,57,51,0,4),
(3530,57,52,0,4),
(3531,57,53,0,4),
(3532,57,54,0,4),
(3533,57,55,0,4),
(3534,57,56,0,4),
(3535,57,57,0,4),
(3536,57,58,0,4),
(3537,57,59,0,4),
(3538,57,60,0,4),
(3539,57,61,0,4),
(3540,57,62,0,4),
(3541,57,63,0,4),
(3542,58,34,0,4),
(3543,58,35,0,4),
(3544,58,36,0,4),
(3545,58,37,0,4),
(3546,58,38,0,4),
(3547,58,39,0,4),
(3548,58,40,0,4),
(3549,58,41,0,4),
(3550,58,42,0,4),
(3551,58,43,0,4),
(3552,58,44,0,4),
(3553,58,45,0,4),
(3554,58,46,0,4),
(3555,58,47,0,4),
(3556,58,48,0,4),
(3557,58,49,0,4),
(3558,58,50,0,4),
(3559,58,51,0,4),
(3560,58,52,0,4),
(3561,58,53,0,4),
(3562,58,54,0,4),
(3563,58,55,0,4),
(3564,58,56,0,4),
(3565,58,57,0,4),
(3566,58,58,0,4),
(3567,58,59,0,4),
(3568,58,60,0,4),
(3569,58,61,0,4),
(3570,58,62,0,4),
(3571,58,63,0,4),
(3572,59,34,0,4),
(3573,59,35,0,4),
(3574,59,36,0,4),
(3575,59,37,0,4),
(3576,59,38,0,4),
(3577,59,39,0,4),
(3578,59,40,0,4),
(3579,59,41,0,4),
(3580,59,42,0,4),
(3581,59,43,0,4),
(3582,59,44,0,4),
(3583,59,45,0,4),
(3584,59,46,0,4),
(3585,59,47,0,4),
(3586,59,48,0,4),
(3587,59,49,0,4),
(3588,59,50,0,4),
(3589,59,51,0,4),
(3590,59,52,0,4),
(3591,59,53,0,4),
(3592,59,54,0,4),
(3593,59,55,0,4),
(3594,59,56,0,4),
(3595,59,57,0,4),
(3596,59,58,0,4),
(3597,59,59,0,4),
(3598,59,60,0,4),
(3599,59,61,0,4),
(3600,59,62,0,4),
(3601,59,63,0,4),
(3602,60,34,0,4),
(3603,60,35,0,4),
(3604,60,36,0,4),
(3605,60,37,0,4),
(3606,60,38,0,4),
(3607,60,39,0,4),
(3608,60,40,0,4),
(3609,60,41,0,4),
(3610,60,42,0,4),
(3611,60,43,0,4),
(3612,60,44,0,4),
(3613,60,45,0,4),
(3614,60,46,0,4),
(3615,60,47,0,4),
(3616,60,48,0,4),
(3617,60,49,0,4),
(3618,60,50,0,4),
(3619,60,51,0,4),
(3620,60,52,0,4),
(3621,60,53,0,4),
(3622,60,54,0,4),
(3623,60,55,0,4),
(3624,60,56,0,4),
(3625,60,57,0,4),
(3626,60,58,0,4),
(3627,60,59,0,4),
(3628,60,60,0,4),
(3629,60,61,0,4),
(3630,60,62,0,4),
(3631,60,63,0,4),
(3632,61,34,0,4),
(3633,61,35,0,4),
(3634,61,36,0,4),
(3635,61,37,0,4),
(3636,61,38,0,4),
(3637,61,39,0,4),
(3638,61,40,0,4),
(3639,61,41,0,4),
(3640,61,42,0,4),
(3641,61,43,0,4),
(3642,61,44,0,4),
(3643,61,45,0,4),
(3644,61,46,0,4),
(3645,61,47,0,4),
(3646,61,48,0,4),
(3647,61,49,0,4),
(3648,61,50,0,4),
(3649,61,51,0,4),
(3650,61,52,0,4),
(3651,61,53,0,4),
(3652,61,54,0,4),
(3653,61,55,0,4),
(3654,61,56,0,4),
(3655,61,57,0,4),
(3656,61,58,0,4),
(3657,61,59,0,4),
(3658,61,60,0,4),
(3659,61,61,0,4),
(3660,61,62,0,4),
(3661,61,63,0,4),
(3662,62,34,0,4),
(3663,62,35,0,4),
(3664,62,36,0,4),
(3665,62,37,0,4),
(3666,62,38,0,4),
(3667,62,39,0,4),
(3668,62,40,0,4),
(3669,62,41,0,4),
(3670,62,42,0,4),
(3671,62,43,0,4),
(3672,62,44,0,4),
(3673,62,45,0,4),
(3674,62,46,0,4),
(3675,62,47,0,4),
(3676,62,48,0,4),
(3677,62,49,0,4),
(3678,62,50,0,4),
(3679,62,51,0,4),
(3680,62,52,0,4),
(3681,62,53,0,4),
(3682,62,54,0,4),
(3683,62,55,0,4),
(3684,62,56,0,4),
(3685,62,57,0,4),
(3686,62,58,0,4),
(3687,62,59,0,4),
(3688,62,60,0,4),
(3689,62,61,0,4),
(3690,62,62,0,4),
(3691,62,63,0,4),
(3692,63,34,0,4),
(3693,63,35,0,4),
(3694,63,36,0,4),
(3695,63,37,0,4),
(3696,63,38,0,4),
(3697,63,39,0,4),
(3698,63,40,0,4),
(3699,63,41,0,4),
(3700,63,42,0,4),
(3701,63,43,0,4),
(3702,63,44,0,4),
(3703,63,45,0,4),
(3704,63,46,0,4),
(3705,63,47,0,4),
(3706,63,48,0,4),
(3707,63,49,0,4),
(3708,63,50,0,4),
(3709,63,51,0,4),
(3710,63,52,0,4),
(3711,63,53,0,4),
(3712,63,54,0,4),
(3713,63,55,0,4),
(3714,63,56,0,4),
(3715,63,57,0,4),
(3716,63,58,0,4),
(3717,63,59,0,4),
(3718,63,60,0,4),
(3719,63,61,0,4),
(3720,63,62,0,4),
(3721,63,63,0,4),
(3722,0,31,0,5),
(3723,0,32,0,5),
(3724,0,33,0,5),
(3725,1,31,0,5),
(3726,1,32,0,5),
(3727,1,33,0,5),
(3728,2,31,0,5),
(3729,2,32,0,5),
(3730,2,33,0,5),
(3731,3,31,0,5),
(3732,3,32,0,5),
(3733,3,33,0,5),
(3734,4,31,0,5),
(3735,4,32,0,5),
(3736,4,33,0,5),
(3737,5,31,0,5),
(3738,5,32,0,5),
(3739,5,33,0,5),
(3740,6,31,0,5),
(3741,6,32,0,5),
(3742,6,33,0,5),
(3743,7,31,0,5),
(3744,7,32,0,5),
(3745,7,33,0,5),
(3746,8,31,0,5),
(3747,8,32,0,5),
(3748,8,33,0,5),
(3749,9,31,0,5),
(3750,9,32,0,5),
(3751,9,33,0,5),
(3752,10,31,0,5),
(3753,10,32,0,5),
(3754,10,33,0,5),
(3755,11,31,0,5),
(3756,11,32,0,5),
(3757,11,33,0,5),
(3758,12,31,0,5),
(3759,12,32,0,5),
(3760,12,33,0,5),
(3761,13,31,0,5),
(3762,13,32,0,5),
(3763,13,33,0,5),
(3764,14,31,0,5),
(3765,14,32,0,5),
(3766,14,33,0,5),
(3767,15,31,0,5),
(3768,15,32,0,5),
(3769,15,33,0,5),
(3770,16,31,0,5),
(3771,16,32,0,5),
(3772,16,33,0,5),
(3773,17,31,0,5),
(3774,17,32,0,5),
(3775,17,33,0,5),
(3776,18,31,0,5),
(3777,18,32,0,5),
(3778,18,33,0,5),
(3779,19,31,0,5),
(3780,19,32,0,5),
(3781,19,33,0,5),
(3782,20,31,0,5),
(3783,20,32,0,5),
(3784,20,33,0,5),
(3785,21,31,0,5),
(3786,21,32,0,5),
(3787,21,33,0,5),
(3788,22,31,0,5),
(3789,22,32,0,5),
(3790,22,33,0,5),
(3791,23,31,0,5),
(3792,23,32,0,5),
(3793,23,33,0,5),
(3794,24,31,0,5),
(3795,24,32,0,5),
(3796,24,33,0,5),
(3797,25,31,0,5),
(3798,25,32,0,5),
(3799,25,33,0,5),
(3800,26,31,0,5),
(3801,26,32,0,5),
(3802,26,33,0,5),
(3803,27,31,0,5),
(3804,27,32,0,5),
(3805,27,33,0,5),
(3806,28,31,0,5),
(3807,28,32,0,5),
(3808,28,33,0,5),
(3809,29,31,0,5),
(3810,29,32,0,5),
(3811,29,33,0,5),
(3812,30,31,0,5),
(3813,30,32,0,5),
(3814,30,33,0,5),
(3815,31,0,0,5),
(3816,31,1,0,5),
(3817,31,2,0,5),
(3818,31,3,0,5),
(3819,31,4,0,5),
(3820,31,5,0,5),
(3821,31,6,0,5),
(3822,31,7,0,5),
(3823,31,8,0,5),
(3824,31,9,0,5),
(3825,31,10,0,5),
(3826,31,11,0,5),
(3827,31,12,0,5),
(3828,31,13,0,5),
(3829,31,14,0,5),
(3830,31,15,0,5),
(3831,31,16,0,5),
(3832,31,17,0,5),
(3833,31,18,0,5),
(3834,31,19,0,5),
(3835,31,20,0,5),
(3836,31,21,0,5),
(3837,31,22,0,5),
(3838,31,23,0,5),
(3839,31,24,0,5),
(3840,31,25,0,5),
(3841,31,26,0,5),
(3842,31,27,0,5),
(3843,31,28,0,5),
(3844,31,29,0,5),
(3845,31,30,0,5),
(3846,31,31,0,5),
(3847,31,32,0,5),
(3848,31,33,0,5),
(3849,31,34,0,5),
(3850,31,35,0,5),
(3851,31,36,0,5),
(3852,31,37,0,5),
(3853,31,38,0,5),
(3854,31,39,0,5),
(3855,31,40,0,5),
(3856,31,41,0,5),
(3857,31,42,0,5),
(3858,31,43,0,5),
(3859,31,44,0,5),
(3860,31,45,0,5),
(3861,31,46,0,5),
(3862,31,47,0,5),
(3863,31,48,0,5),
(3864,31,49,0,5),
(3865,31,50,0,5),
(3866,31,51,0,5),
(3867,31,52,0,5),
(3868,31,53,0,5),
(3869,31,54,0,5),
(3870,31,55,0,5),
(3871,31,56,0,5),
(3872,31,57,0,5),
(3873,31,58,0,5),
(3874,31,59,0,5),
(3875,31,60,0,5),
(3876,31,61,0,5),
(3877,31,62,0,5),
(3878,31,63,0,5),
(3879,32,0,0,5),
(3880,32,1,0,5),
(3881,32,2,0,5),
(3882,32,3,0,5),
(3883,32,4,0,5),
(3884,32,5,0,5),
(3885,32,6,0,5),
(3886,32,7,0,5),
(3887,32,8,0,5),
(3888,32,9,0,5),
(3889,32,10,0,5),
(3890,32,11,0,5),
(3891,32,12,0,5),
(3892,32,13,0,5),
(3893,32,14,0,5),
(3894,32,15,0,5),
(3895,32,16,0,5),
(3896,32,17,0,5),
(3897,32,18,0,5),
(3898,32,19,0,5),
(3899,32,20,0,5),
(3900,32,21,0,5),
(3901,32,22,0,5),
(3902,32,23,0,5),
(3903,32,24,0,5),
(3904,32,25,0,5),
(3905,32,26,0,5),
(3906,32,27,0,5),
(3907,32,28,0,5),
(3908,32,29,0,5),
(3909,32,30,0,5),
(3910,32,31,0,5),
(3911,32,32,0,5),
(3912,32,33,0,5),
(3913,32,34,0,5),
(3914,32,35,0,5),
(3915,32,36,0,5),
(3916,32,37,0,5),
(3917,32,38,0,5),
(3918,32,39,0,5),
(3919,32,40,0,5),
(3920,32,41,0,5),
(3921,32,42,0,5),
(3922,32,43,0,5),
(3923,32,44,0,5),
(3924,32,45,0,5),
(3925,32,46,0,5),
(3926,32,47,0,5),
(3927,32,48,0,5),
(3928,32,49,0,5),
(3929,32,50,0,5),
(3930,32,51,0,5),
(3931,32,52,0,5),
(3932,32,53,0,5),
(3933,32,54,0,5),
(3934,32,55,0,5),
(3935,32,56,0,5),
(3936,32,57,0,5),
(3937,32,58,0,5),
(3938,32,59,0,5),
(3939,32,60,0,5),
(3940,32,61,0,5),
(3941,32,62,0,5),
(3942,32,63,0,5),
(3943,33,0,0,5),
(3944,33,1,0,5),
(3945,33,2,0,5),
(3946,33,3,0,5),
(3947,33,4,0,5),
(3948,33,5,0,5),
(3949,33,6,0,5),
(3950,33,7,0,5),
(3951,33,8,0,5),
(3952,33,9,0,5),
(3953,33,10,0,5),
(3954,33,11,0,5),
(3955,33,12,0,5),
(3956,33,13,0,5),
(3957,33,14,0,5),
(3958,33,15,0,5),
(3959,33,16,0,5),
(3960,33,17,0,5),
(3961,33,18,0,5),
(3962,33,19,0,5),
(3963,33,20,0,5),
(3964,33,21,0,5),
(3965,33,22,0,5),
(3966,33,23,0,5),
(3967,33,24,0,5),
(3968,33,25,0,5),
(3969,33,26,0,5),
(3970,33,27,0,5),
(3971,33,28,0,5),
(3972,33,29,0,5),
(3973,33,30,0,5),
(3974,33,31,0,5),
(3975,33,32,0,5),
(3976,33,33,0,5),
(3977,33,34,0,5),
(3978,33,35,0,5),
(3979,33,36,0,5),
(3980,33,37,0,5),
(3981,33,38,0,5),
(3982,33,39,0,5),
(3983,33,40,0,5),
(3984,33,41,0,5),
(3985,33,42,0,5),
(3986,33,43,0,5),
(3987,33,44,0,5),
(3988,33,45,0,5),
(3989,33,46,0,5),
(3990,33,47,0,5),
(3991,33,48,0,5),
(3992,33,49,0,5),
(3993,33,50,0,5),
(3994,33,51,0,5),
(3995,33,52,0,5),
(3996,33,53,0,5),
(3997,33,54,0,5),
(3998,33,55,0,5),
(3999,33,56,0,5),
(4000,33,57,0,5),
(4001,33,58,0,5),
(4002,33,59,0,5),
(4003,33,60,0,5),
(4004,33,61,0,5),
(4005,33,62,0,5),
(4006,33,63,0,5),
(4007,34,31,0,5),
(4008,34,32,0,5),
(4009,34,33,0,5),
(4010,35,31,0,5),
(4011,35,32,0,5),
(4012,35,33,0,5),
(4013,36,31,0,5),
(4014,36,32,0,5),
(4015,36,33,0,5),
(4016,37,31,0,5),
(4017,37,32,0,5),
(4018,37,33,0,5),
(4019,38,31,0,5),
(4020,38,32,0,5),
(4021,38,33,0,5),
(4022,39,31,0,5),
(4023,39,32,0,5),
(4024,39,33,0,5),
(4025,40,31,0,5),
(4026,40,32,0,5),
(4027,40,33,0,5),
(4028,41,31,0,5),
(4029,41,32,0,5),
(4030,41,33,0,5),
(4031,42,31,0,5),
(4032,42,32,0,5),
(4033,42,33,0,5),
(4034,43,31,0,5),
(4035,43,32,0,5),
(4036,43,33,0,5),
(4037,44,31,0,5),
(4038,44,32,0,5),
(4039,44,33,0,5),
(4040,45,31,0,5),
(4041,45,32,0,5),
(4042,45,33,0,5),
(4043,46,31,0,5),
(4044,46,32,0,5),
(4045,46,33,0,5),
(4046,47,31,0,5),
(4047,47,32,0,5),
(4048,47,33,0,5),
(4049,48,31,0,5),
(4050,48,32,0,5),
(4051,48,33,0,5),
(4052,49,31,0,5),
(4053,49,32,0,5),
(4054,49,33,0,5),
(4055,50,31,0,5),
(4056,50,32,0,5),
(4057,50,33,0,5),
(4058,51,31,0,5),
(4059,51,32,0,5),
(4060,51,33,0,5),
(4061,52,31,0,5),
(4062,52,32,0,5),
(4063,52,33,0,5),
(4064,53,31,0,5),
(4065,53,32,0,5),
(4066,53,33,0,5),
(4067,54,31,0,5),
(4068,54,32,0,5),
(4069,54,33,0,5),
(4070,55,31,0,5),
(4071,55,32,0,5),
(4072,55,33,0,5),
(4073,56,31,0,5),
(4074,56,32,0,5),
(4075,56,33,0,5),
(4076,57,31,0,5),
(4077,57,32,0,5),
(4078,57,33,0,5),
(4079,58,31,0,5),
(4080,58,32,0,5),
(4081,58,33,0,5),
(4082,59,31,0,5),
(4083,59,32,0,5),
(4084,59,33,0,5),
(4085,60,31,0,5),
(4086,60,32,0,5),
(4087,60,33,0,5),
(4088,61,31,0,5),
(4089,61,32,0,5),
(4090,61,33,0,5),
(4091,62,31,0,5),
(4092,62,32,0,5),
(4093,62,33,0,5),
(4094,63,31,0,5),
(4095,63,32,0,5),
(4096,63,33,0,5);


INSERT INTO conta (id, senha, vip_dias, email, nome, localidade, banimento, data_de_criacao, data_de_aniversario, genero) VALUES
(1, '12345678' , 0, 'lucas.araujo@email.com', 'Lucas Araujo', 'Brasil', DEFAULT, '07/26/2022', '02/18/1990' , 'Masculino'),
(2, '87654321' , 0, 'felipe.souza@email.com', 'Felipe Souza', 'Brasil', DEFAULT, '07/26/2022', '05/21/1991' , 'Masculino'), 
(3, '741852' , 30, 'jose.pedro@email.com', 'Jos Pedro', 'Brasil', DEFAULT, '07/27/2022', '03/11/1991' , 'Masculino'), 
(4, '369258' , 0, 'fernanda.oliveira@email.com', 'Fernanda Oliveira', 'Brasil', DEFAULT, '07/27/2022', '11/22/1992' , 'Feminino'), 
(5, '1592648' , 0, 'mariana.silva@email.com', 'Mariana Silva', 'Brasil', DEFAULT, '07/28/2022', '01/26/1992' , 'Feminino'), 
(6, '951847623' , 30, 'larrisa.cristina@email.com', 'Larrisa Cristina', 'Brasil', DEFAULT, '07/28/2022', '02/01/1991' , 'Feminino');

INSERT INTO personagem (tipo, id) VALUES
('player', '1'),
('player', '2'),
('player', '3'),
('player', '4'),
('player', '5'),
('player', '6'),
('criatura', '7'), 
('criatura', '8'), 
('criatura', '9'), 
('criatura', '10'), 
('criatura', '11'), 
('criatura', '12'), 
('criatura', '13'), 
('criatura', '14'), 
('criatura', '15'), 
('criatura', '16'), 
('criatura', '17'), 
('criatura', '18'),
('criatura', '19'),
('criatura', '20'),
('criatura', '21'),
('npc', '22'), 
('npc', '23'), 
('npc', '24'), 
('npc', '25'),
('npc', '26');  


INSERT INTO player (id, nome, vocacao, vida_maxima, vida_atual, mana_maxima, mana_atual, genero, experiencia, data_de_criacao, id_conta, id_localizacao) VALUES
(1, 'Druid Lcs', 'druida', 100, 100, 200, 200, 'masculino', 0, '07/25/2022', 1, 1),
(2, 'Fer Cavaleiro', 'cavaleiro', 150, 150, 100, 100, 'masculino', 0, '07/25/2022', 2, 24),
(3, 'Paladino Jose', 'paladino', 130, 130, 130, 130, 'masculino', 0, '07/25/2022', 3, 49),
(4, 'Feiticeira Fer', 'feiticeiro', 100, 100, 200, 200, 'feminino', 0, '07/25/2022', 4, 74),
(5, 'Mariana Cavaleira', 'cavaleiro', 150, 150, 100, 100, 'feminino', 0, '07/25/2022', 5, 99),
(6, 'Larrissa Druida', 'druida', 100, 100, 200, 200, 'feminino', 0, '07/25/2022', 6, 125);


INSERT INTO npc (id, nome, tipo, id_localizacao) VALUES
(22, 'Rashid', 'comerciante', 3),	
(23, 'Vega', 'comerciante', 28),	
(24, 'Travora', 'comerciante', 53),	
(25, 'Yasir', 'guia', 78),	
(26, 'Ashtamor', 'guia', 103);

INSERT INTO criatura (nome, ataque, vida, experiencia, defesa, tipo, id, id_localizacao) VALUES
('Bat', 5, 30, 10, 8, 'mamiferos', 7, 5),
('Bear', 12, 80, 23, 10, 'mamiferos', 8, 30),
('Deer', 3, 24, 1, 6, 'mamiferos', 9, 55),
('Elephant', 16, 320, 160, 15, 'mamiferos', 10, 80),
('Gloom Wolf', 10, 200, 70, 9, 'mamiferos', 11, 105),
('Lion', 13, 80, 30, 9, 'mamiferos', 12, 6),
('Mammoth', 20, 320, 160, 17, 'mamiferos', 13, 31),
('Polar Bear', 13, 85, 28, 11, 'mamiferos', 14, 56),
('Tiger', 10, 75, 40, 10, 'mamiferos', 15, 81),
('White Lion', 140, 2700, 2300, 120, 'mamiferos', 16, 106),
('Winter Wolf', 12, 30, 20, 10, 'mamiferos', 17, 7),
('Yeti', 100, 950, 460, 95, 'mamiferos', 18, 32),
('Parder', 200, 950, 2900, 180, 'mamiferos', 19, 56),
('Water Buffalo', 15, 390, 20, 15, 'mamiferos', 20, 81),
('Badger', 2, 23, 5, 5, 'mamiferos', 21, 106);

INSERT INTO item (id, tipo) VALUES
(1, 'armas'),
(2, 'equipamento'),
(3, 'mochila'),
(4, 'riqueza');

INSERT INTO item (id, tipo) VALUES
(5, 'armas'),
(6, 'armas'),
(7, 'armas'),
(8, 'armas'),
(9, 'armas'),
(10, 'armas'),
(11, 'armas'),
(12, 'armas'),
(13, 'armas'),
(14, 'armas'),
(15, 'armas'),
(16, 'armas'),
(17, 'armas');

INSERT INTO item (id, tipo) VALUES
(18, 'mochila'),
(19, 'mochila'),
(20, 'mochila'),
(21, 'mochila');

INSERT INTO item (id, tipo) VALUES
(22, 'equipamento'),
(23, 'equipamento'),
(24, 'equipamento'),
(25, 'equipamento'),
(26, 'equipamento'),
(27, 'equipamento'),
(28, 'equipamento'),
(29, 'equipamento'),
(30, 'equipamento'),
(31, 'equipamento'),
(32, 'equipamento'),
(33, 'equipamento'),
(34, 'equipamento'),
(35, 'equipamento'),
(36, 'equipamento'),
(37, 'equipamento'),
(38, 'equipamento'),
(39, 'equipamento'),
(40, 'equipamento'),
(41, 'equipamento');

INSERT INTO item (id, tipo) VALUES
(42, 'riqueza');

INSERT INTO armas (id, nome, ataque, defesa, vocacao, min_level, bonus, descricao , peso) VALUES
(1, 'Axe', 12, 6, 'none', 0, 0,'Vocs est vendo Axe. Peso 40.', 40),
(5, 'Battle Axe', 25, 10, 'none', 0, 0,'Vocs est vendo Battle Axe. Peso 50.', 50),
(6, 'Daramian Axe', 17, 8, 'none', 0, 0,'Vocs est vendo Daramian Axe. Peso 41.', 41),
(7, 'Golden Axe', 10, 5, 'none', 0, 0,'Vocs est vendo Golden Axe. Peso 20.', 20),
(8, 'Hand Axe', 10, 5, 'none', 0, 0,'Vocs est vendo Hand Axe. Peso 18.', 18),
(9, 'Bone Sword', 13, 10, 'none', 0, 0,'Vocs est vendo Bone Sword. Peso 19.', 19),
(10, 'Carlin Sword', 15, 13, 'none', 0, 0,'Vocs est vendo Carlin Sword. Peso 40.', 40),
(11, 'Combat Knife', 8, 6, 'none', 0, 0,'Vocs est vendo Combat Knife. Peso 9.', 9),
(12, 'Broadsword', 26, 23, 'none', 0, 0,'Vocs est vendo Broadsword. Peso 52.', 52),
(13, 'Dagger', 8, 6, 'none', 0, 0,'Vocs est vendo Dagger. Peso 9.', 9),
(14, 'Assassin Star', 65, 0, 'none', 0, 0,'Vocs est vendo Assassin Star. Peso 2.', 2),
(15, 'Enchanted Spear', 38, 0, 'none', 0, 0,'Vocs est vendo Enchanted Spear. Peso 20.', 20),
(16, 'Glooth Spear', 55, 0, 'none', 0, 0,'Vocs est vendo Glooth Spear. Peso 26.', 26),
(17, 'Hunting Spear', 32, 0, 'none', 0, 0,'Vocs est vendo Hunting Spear. Peso 22.', 22),
(18, 'Small Stone', 5, 0, 'none', 0, 0,'Vocs est vendo Small Stone. Peso 9.', 9);


INSERT INTO mochila (id, nome, capacidade, min_level, descricao, peso) VALUES
(3, 'Bag', 100, 0, 'Vocs est vendo Bag. Peso 8.', 8),
(19, 'Beach Bag', 100, 0, 'Vocs est vendo Beach Bag. Peso 8.', 8),
(20, 'Golden Bag', 100, 0, 'Vocs est vendo Golden Bag. Peso 8.', 8),
(21, 'Backpack', 300, 0, 'Vocs est vendo Backpack. Peso 18.', 18),
(22, 'Beach Backpack', 300, 0, 'Vocs est vendo Beach Backpack. Peso 18.', 18);



INSERT INTO riqueza (id, nome, min_level, descricao, peso, valor) VALUES
(4, 'Gold Coin', 0, 'Vocs est vendo Gold Coin. Peso 1.', 1, 1);


INSERT INTO equipamento (id, nome, vocacao, min_level, bonus, descricao , peso, defesa, pch) VALUES
(2, 'Amazon Helmet', 'none', 0, 0, 'Voc est vendo Amazon Helmet. Peso  29.', 29, 7, 'cabeca'),
(23, 'Ancient Tiara', 'none', 0, 0, 'Voc est vendo Ancient Tiara. Peso  8.', 8, 0, 'cabeca'),
(24, 'Bandana', 'none', 0, 0, 'Voc est vendo Bandana. Peso  8.', 8, 1, 'cabeca'),
(25, 'Blue Spectacles', 'none', 0, 0, 'Voc est vendo Blue Spectacles. Peso  2.', 2, 0, 'cabeca'),
(26, 'Bonelord Helmet', 'none', 0, 0, 'Voc est vendo Bonelord Helmet. Peso  46.', 46, 2, 'cabeca'),
(27, 'Brass Helmet', 'none', 0, 0, 'Voc est vendo Brass Helmet. Peso  27.', 27, 3, 'cabeca'),
(28, 'Albino Plate', 'none', 0, 0, 'Voc est vendo Albino Plate. Peso  84.', 84, 11, 'corpo'),
(29, 'Ball Gown', 'none', 0, 0, 'Voc est vendo Ball Gown. Peso  25.', 25, 0, 'corpo'),
(30, 'Belted Cape', 'none', 0, 0, 'Voc est vendo Belted Cape. Peso  35.', 35, 10, 'corpo'),
(31, 'Blue Robe', 'none', 0, 0, 'Voc est vendo Blue Robe. Peso  22.', 22, 11, 'corpo'),
(32, 'Brass Armor', 'none', 0, 0, 'Voc est vendo Brass Armor. Peso  80.', 80, 8, 'corpo'),
(33, 'Bast Skirt', 'none', 0, 0, 'Voc est vendo Bast Skirt. Peso  0.', 0, 3, 'pernas'),
(34, 'Blue Legs', 'none', 0, 0, 'Voc est vendo Blue Legs. Peso  18.', 18, 8, 'pernas'),
(35, 'Brass Legs', 'none', 0, 0, 'Voc est vendo Brass Legs. Peso  38.', 38, 5, 'pernas'),
(36, 'Chain Legs', 'none', 0, 0, 'Voc est vendo Blue Spectacles. Peso  35.', 35, 3, 'pernas'),
(37, 'Chocolatey Dragon Scale Legs', 'none', 0, 0, 'Voc est vendo Chocolatey Dragon Scale Legs. Peso  18.', 18, 2, 'pernas'),
(38, 'Crocodile Boots', 'none', 0, 0, 'Voc est vendo Crocodile Boots. Peso  9.', 9, 1, 'pes'),
(39, 'Leather Boots', 'none', 0, 0, 'Voc est vendo Ball Gown. Peso  9.', 9, 1, 'pes'),
(40, 'Metal Spats', 'none', 0, 0, 'Voc est vendo Belted Cape. Peso  18.', 18, 1, 'pes'),
(41, 'Zaoan Shoes', 'none', 0, 0, 'Voc est vendo Blue Robe. Peso  7.', 7, 1, 'pes'),
(42, 'Badger Boots', 'none', 0, 0, 'Voc est vendo Brass Armor. Peso  12.', 12, 1, 'pes');


INSERT INTO instancia_item (id, id_item) VALUES
(1, 1), 
(2, 1), 
(3, 1), 
(4, 1), 
(5, 1), 
(6, 1), 
(7, 21), 
(8, 1), 
(9, 21), 
(10, 21), 
(11, 21), 
(12, 21),
(13, 2),
(14, 2),
(15, 2),
(16, 2),
(17, 2),
(18, 2);

INSERT INTO instancia_criatura (id_criatura) VALUES
(7), (8), (9), (10), (11), (12), (13), (14), (15), (16), (17), (18), (19), (20), (21);


INSERT INTO inventario (look_corpo, look_cabeca, look_pernas, look_pes, look_costas, mao_dir, mao_esq, fonte_de_luz, capacidade, id_player, riqueza) VALUES
(null, null, null, null, 7, 1, null, null, 410, 1, 0),
(null, null, null, null, 8, 2, null, null, 410, 2, 30),
(null, null, null, null, 9, 3, null, null, 410, 3, 50),
(null, null, null, null, 10, 4, null, null, 410, 4, 2000),
(null, null, null, null, 11, 5, null, null, 410, 5, 5000),
(null, null, null, null, 12, 6, null, null, 410, 6, 1000);



INSERT INTO habilidades (id_player, velocidade, dano_a_distancia, dano_de_combate, capacidade, defesa_total, nivel_magia, nivel_espada, nivel_machado, nivel_defesa, nivel_punhos, nivel_porrete, nivel_armas_de_dist) VALUES
(1, 110, 5, 5, 10, 10, 1, 10, 10, 10, 10, 10, 10),
(2, 110, 5, 5, 10, 10, 1, 10, 10, 10, 10, 10, 10),
(3, 110, 5, 5, 10, 10, 1, 10, 10, 10, 10, 10, 10),
(4, 110, 5, 5, 10, 10, 1, 10, 10, 10, 10, 10, 10),
(5, 110, 5, 5, 10, 10, 1, 10, 10, 10, 10, 10, 10),
(6, 110, 5, 5, 10, 10, 1, 10, 10, 10, 10, 10, 10);


INSERT INTO guilda (nome, descricao, capacidade, data_de_criacao, id_dono) VALUES
('Brs', 'Guilda montada para jogadores brasileiros', '20', '06/30/2022', 1);

-- INSERT INTO npc_carrega_instancia_item (id_npc, id_instancia_item) VALUES
--(22, 14),
--(22, 15),
--(22, 16),
--(22, 17);

-- ALTER TABLE armas ADD COLUMN preco bigint DEFAULT NULL;

-- ALTER TABLE equipamento ADD COLUMN preco bigint DEFAULT NULL;

-- ALTER TABLE mochila ADD COLUMN preco bigint DEFAULT NULL;

-- ALTER TABLE riqueza ADD COLUMN preco bigint DEFAULT NULL;

-- ALTER TABLE equipamento ADD COLUMN preco bigint DEFAULT NULL;

-- SELECT  armas.id, tipo, nome, ataque, defesa, vocacao, min_level, bonus, descricao, peso FROM item INNER JOIN armas ON item.id = armas.id;

UPDATE mochila SET preco = 4 WHERE nome = 'Bag';
UPDATE mochila SET preco = 4 WHERE nome = 'Beach Bag';
UPDATE mochila SET preco = 4 WHERE nome = 'Golden Bag';
UPDATE mochila SET preco = 20 WHERE nome = 'Backpack';
UPDATE mochila SET preco = 20 WHERE nome = 'Beach Backpack';


UPDATE armas SET preco = 7 WHERE nome = 'Axe';
UPDATE armas SET preco = 80 WHERE nome = 'Battle Axe';
UPDATE armas SET preco = 100 WHERE nome = 'Daramian Axe';
UPDATE armas SET preco = 50 WHERE nome = 'Golden Axe';
UPDATE armas SET preco = 4 WHERE nome = 'Hand Axe';

UPDATE armas SET preco = 20 WHERE nome = 'Bone Sword';
UPDATE armas SET preco = 118 WHERE nome = 'Carlin Sword';
UPDATE armas SET preco = 1 WHERE nome = 'Combat Knife';
UPDATE armas SET preco = 500 WHERE nome = 'Broadsword';
UPDATE armas SET preco = 2 WHERE nome = 'Dagger';

UPDATE armas SET preco = 100 WHERE nome = 'Assassin Star';
UPDATE armas SET preco = 120 WHERE nome = 'Enchanted Spear';
UPDATE armas SET preco = 110 WHERE nome = 'Glooth Spear';
UPDATE armas SET preco = 25 WHERE nome = 'Hunting Spear';
UPDATE armas SET preco = 25 WHERE nome = 'Small Stone';

UPDATE equipamento SET preco = 1500 WHERE nome = 'Amazon Helmet';
UPDATE equipamento SET preco = 400 WHERE nome = 'Ancient Tiara';
UPDATE equipamento SET preco = 150 WHERE nome = 'Bandana';
UPDATE equipamento SET preco = 100 WHERE nome = 'Blue Spectacles';
UPDATE equipamento SET preco = 7500 WHERE nome = 'Bonelord Helmet';
UPDATE equipamento SET preco = 22 WHERE nome = 'Brass Helmet';
UPDATE equipamento SET preco = 1500 WHERE nome = 'Albino Plate';
UPDATE equipamento SET preco = 60 WHERE nome = 'Ball Gown';
UPDATE equipamento SET preco = 500 WHERE nome = 'Belted Cape';
UPDATE equipamento SET preco = 10000 WHERE nome = 'Blue Robe';
UPDATE equipamento SET preco = 450 WHERE nome = 'Brass Armor';
UPDATE equipamento SET preco = 750 WHERE nome = 'Bast Skirt';
UPDATE equipamento SET preco = 15000 WHERE nome = 'Blue Legs';
UPDATE equipamento SET preco = 195 WHERE nome = 'Brass Legs';
UPDATE equipamento SET preco = 80 WHERE nome = 'Chain Legs';
UPDATE equipamento SET preco = 1500 WHERE nome = 'Chocolatey Dragon Scale Legs';
UPDATE equipamento SET preco = 1000 WHERE nome = 'Crocodile Boots';
UPDATE equipamento SET preco = 2 WHERE nome = 'Leather Boots';
UPDATE equipamento SET preco = 2000 WHERE nome = 'Metal Spats';
UPDATE equipamento SET preco = 5000 WHERE nome = 'Zaoan Shoes';
UPDATE equipamento SET preco = 7500 WHERE nome = 'Badger Boots';

